"HITId","HITTypeId","Title","Description","Keywords","Reward","CreationTime","MaxAssignments","RequesterAnnotation","AssignmentDurationInSeconds","AutoApprovalDelayInSeconds","Expiration","NumberOfSimilarHITs","LifetimeInSeconds","AssignmentId","WorkerId","AssignmentStatus","AcceptTime","SubmitTime","AutoApprovalTime","ApprovalTime","RejectionTime","RequesterFeedback","WorkTimeInSeconds","LifetimeApprovalRate","Last30DaysApprovalRate","Last7DaysApprovalRate","Input.MOVIE","Input.QUESTION1","Input.QUESTION2","Input.QUESTION3","Input.QUESTION4","Answer.MovieAnswer1","Answer.MovieAnswer2","Answer.MovieAnswer3","Answer.MovieAnswer4","Approve","Reject"
"3X2YVV51PUMIOPOG2GTLY1YQ1VS1WX","3H5SGK4YKOGD5FPV07UY2XFV7WLG2A","Categorize movies","For the given movie, we ask if it has certain attributes (e.g., is it a comedy?)","survey, attribute, movie, film","$0.02","Sun Jun 11 14:35:10 PDT 2017","1","BatchId:2832525;OriginalHitTemplateId:920937332;","300","86400","Wed Jun 14 14:35:10 PDT 2017","","","3SNLUL3WO55L8C19QS15PCITKSTUL4","A3CJT6C1XWL7WQ","Approved","Sun Jun 11 14:37:48 PDT 2017","Sun Jun 11 14:38:08 PDT 2017","Mon Jun 12 14:38:08 PDT 2017","Mon Jun 12 09:23:38 PDT 2017","","","20","100% (1/1)","100% (1/1)","100% (1/1)","The Shawshank Redemption (1994)","Are there criminals in it?","Are witches part of the story?","Did it inspire a line of toys?","Did it make you cry?","Yes","No","No","No"
"33KGGVH24UZXDPT6CLP70KCXAXY1XQ","3H5SGK4YKOGD5FPV07UY2XFV7WLG2A","Categorize movies","For the given movie, we ask if it has certain attributes (e.g., is it a comedy?)","survey, attribute, movie, film","$0.02","Sun Jun 11 14:35:10 PDT 2017","1","BatchId:2832525;OriginalHitTemplateId:920937332;","300","86400","Wed Jun 14 14:35:10 PDT 2017","","","3CN4LGXD5Y66RDETU1ZD6GMVUUA4YK","ADLYO655RWJUI","Approved","Sun Jun 11 14:38:55 PDT 2017","Sun Jun 11 14:39:09 PDT 2017","Mon Jun 12 14:39:09 PDT 2017","Mon Jun 12 09:22:59 PDT 2017","","","14","100% (12/12)","100% (12/12)","100% (12/12)","The Shawshank Redemption (1994)","Did it make you jump?","Did it spawn a catch phrase?","Did it stir up controversy?","Did it win a Best Picture award?","No","No","No","Unsure"
"3Q9SPIIRWJ4EID1GYZME92RT5PYAWU","3H5SGK4YKOGD5FPV07UY2XFV7WLG2A","Categorize movies","For the given movie, we ask if it has certain attributes (e.g., is it a comedy?)","survey, attribute, movie, film","$0.02","Sun Jun 11 14:35:10 PDT 2017","1","BatchId:2832525;OriginalHitTemplateId:920937332;","300","86400","Wed Jun 14 14:35:10 PDT 2017","","","3RKNTXVS3NG5VVGQEVLX3U4OR36A4F","A1QQQPI1DJGTNK","Approved","Sun Jun 11 14:37:40 PDT 2017","Sun Jun 11 14:37:51 PDT 2017","Mon Jun 12 14:37:51 PDT 2017","Mon Jun 12 09:23:07 PDT 2017","","","11","100% (11/11)","100% (11/11)","100% (11/11)","The Shawshank Redemption (1994)","Did you like the ending?","Do you think it's funny?","Does it deal with racism?","Does it explore fringe culture?","Yes","No","Yes","Yes"
"3K3G488TR2QCSATDRUWR92TLPAG5QF","3H5SGK4YKOGD5FPV07UY2XFV7WLG2A","Categorize movies","For the given movie, we ask if it has certain attributes (e.g., is it a comedy?)","survey, attribute, movie, film","$0.02","Sun Jun 11 14:35:10 PDT 2017","1","BatchId:2832525;OriginalHitTemplateId:920937332;","300","86400","Wed Jun 14 14:35:10 PDT 2017","","","3X4MXAO0BH693ELRQCD2TCCPB0TWRV","AZIDAF8SSJP2A","Approved","Sun Jun 11 14:36:32 PDT 2017","Sun Jun 11 14:41:07 PDT 2017","Mon Jun 12 14:41:07 PDT 2017","Mon Jun 12 09:23:04 PDT 2017","","","275","100% (20/20)","100% (20/20)","100% (20/20)","The Shawshank Redemption (1994)","Does it feature a determined female character?","Does it feature dancing?","Does it feature memorable music?","Does it have a cult following?","No","No","No","No"
"3JMQI2OLFZNMTQVEQ8MT3KM8XGRDN8","3H5SGK4YKOGD5FPV07UY2XFV7WLG2A","Categorize movies","For the given movie, we ask if it has certain attributes (e.g., is it a comedy?)","survey, attribute, movie, film","$0.02","Sun Jun 11 14:35:10 PDT 2017","1","BatchId:2832525;OriginalHitTemplateId:920937332;","300","86400","Wed Jun 14 14:35:10 PDT 2017","","","3O7L7BFSHF72TFWHFPPNTE4YH05IEX","A3MAVVI8KQVM7J","Approved","Sun Jun 11 14:36:37 PDT 2017","Sun Jun 11 14:38:37 PDT 2017","Mon Jun 12 14:38:37 PDT 2017","Mon Jun 12 09:23:03 PDT 2017","","","120","100% (1/1)","100% (1/1)","100% (1/1)","The Shawshank Redemption (1994)","Does it have a famous cast?","Does it have a famous director?","Does it have a happy ending?","Does it have a lot of nudity?","Yes","No","Yes","No"
"3WRAAIUSBJHT7D6684I0BL50ER4AXN","3H5SGK4YKOGD5FPV07UY2XFV7WLG2A","Categorize movies","For the given movie, we ask if it has certain attributes (e.g., is it a comedy?)","survey, attribute, movie, film","$0.02","Sun Jun 11 14:35:10 PDT 2017","1","BatchId:2832525;OriginalHitTemplateId:920937332;","300","86400","Wed Jun 14 14:35:10 PDT 2017","","","3E7TUJ2EGD44Q8PEF08QA3NAYYI9DD","A1G82VHHJAC1SC","Approved","Sun Jun 11 14:44:43 PDT 2017","Sun Jun 11 14:45:01 PDT 2017","Mon Jun 12 14:45:01 PDT 2017","Mon Jun 12 09:23:38 PDT 2017","","","18","100% (2/2)","100% (2/2)","100% (2/2)","The Shawshank Redemption (1994)","Does it have a memorable quote?","Does it have a popular soundtrack?","Does it have a sequel?","Does it have an award winning character?","Unsure","Unsure","No","Yes"
"3Y3CZJSZ9KBC4B8D49LRES3QLWI5RG","3H5SGK4YKOGD5FPV07UY2XFV7WLG2A","Categorize movies","For the given movie, we ask if it has certain attributes (e.g., is it a comedy?)","survey, attribute, movie, film","$0.02","Sun Jun 11 14:35:10 PDT 2017","1","BatchId:2832525;OriginalHitTemplateId:920937332;","300","86400","Wed Jun 14 14:35:10 PDT 2017","","","3Y5140Z9DYY6Q6L7O35YNQ32V77PIP","AZIDAF8SSJP2A","Approved","Sun Jun 11 14:36:17 PDT 2017","Sun Jun 11 14:38:15 PDT 2017","Mon Jun 12 14:38:15 PDT 2017","Mon Jun 12 09:23:38 PDT 2017","","","118","100% (20/20)","100% (20/20)","100% (20/20)","The Shawshank Redemption (1994)","Does it have Mob connections?","Does it have wacky characters?","Does it involve a murder?","Does it involve advanced technology?","No","Yes","Yes","No"
"3OEWW2KGQJT4BBVQRNM6I9MDNQWDON","3H5SGK4YKOGD5FPV07UY2XFV7WLG2A","Categorize movies","For the given movie, we ask if it has certain attributes (e.g., is it a comedy?)","survey, attribute, movie, film","$0.02","Sun Jun 11 14:35:10 PDT 2017","1","BatchId:2832525;OriginalHitTemplateId:920937332;","300","86400","Wed Jun 14 14:35:10 PDT 2017","","","3OE22WJIGJ6WZ9HMIX916YHNUYGUQT","A2CF515SFZOAXU","Approved","Sun Jun 11 14:38:22 PDT 2017","Sun Jun 11 14:38:41 PDT 2017","Mon Jun 12 14:38:41 PDT 2017","Mon Jun 12 09:23:06 PDT 2017","","","19","100% (6/6)","100% (6/6)","100% (6/6)","The Shawshank Redemption (1994)","Does it involve aliens?","Does it involve animals?","Does it involve college students?","Does it involve imprisonment?","No","No","No","Yes"
"385MDVINFCXPJ64KS5ZR21UCVCRWJV","3H5SGK4YKOGD5FPV07UY2XFV7WLG2A","Categorize movies","For the given movie, we ask if it has certain attributes (e.g., is it a comedy?)","survey, attribute, movie, film","$0.02","Sun Jun 11 14:35:10 PDT 2017","1","BatchId:2832525;OriginalHitTemplateId:920937332;","300","86400","Wed Jun 14 14:35:10 PDT 2017","","","31HQ4X3T3TS5TZ951N65AB05ZV9LSG","A3H8O4XH8VNL02","Approved","Sun Jun 11 14:44:48 PDT 2017","Sun Jun 11 14:45:08 PDT 2017","Mon Jun 12 14:45:08 PDT 2017","Mon Jun 12 09:23:00 PDT 2017","","","20","100% (5/5)","100% (5/5)","100% (5/5)","The Shawshank Redemption (1994)","Does it involve magic?","Does it make you think?","Does it remind you of your childhood?","Does it take place in North America?","No","Yes","No","Yes"
"30Z7M1Q8UY23SC5Y0W68VMO7NIV8AD","3H5SGK4YKOGD5FPV07UY2XFV7WLG2A","Categorize movies","For the given movie, we ask if it has certain attributes (e.g., is it a comedy?)","survey, attribute, movie, film","$0.02","Sun Jun 11 14:35:10 PDT 2017","1","BatchId:2832525;OriginalHitTemplateId:920937332;","300","86400","Wed Jun 14 14:35:10 PDT 2017","","","3W8CV64QJ3HL2OUG1WRG1O28QQBH9U","A2F93SIUUV5HQH","Approved","Sun Jun 11 14:45:35 PDT 2017","Sun Jun 11 14:46:05 PDT 2017","Mon Jun 12 14:46:05 PDT 2017","Mon Jun 12 09:22:58 PDT 2017","","","30","100% (2/2)","100% (2/2)","100% (2/2)","The Shawshank Redemption (1994)","Does someone die?","Does someone get betrayed?","Does the title have a person's name in it?","Has it won an Oscar?","Yes","Yes","No","Yes"
"3MA5N0ATTCTKUQA2AQZ33GUPA1RWKU","3H5SGK4YKOGD5FPV07UY2XFV7WLG2A","Categorize movies","For the given movie, we ask if it has certain attributes (e.g., is it a comedy?)","survey, attribute, movie, film","$0.02","Sun Jun 11 14:35:10 PDT 2017","1","BatchId:2832525;OriginalHitTemplateId:920937332;","300","86400","Wed Jun 14 14:35:10 PDT 2017","","","3C8HJ7UOP8CM0TD4WR1S6HCXMFYZM0","A1QQQPI1DJGTNK","Approved","Sun Jun 11 14:38:38 PDT 2017","Sun Jun 11 14:38:56 PDT 2017","Mon Jun 12 14:38:56 PDT 2017","Mon Jun 12 09:23:05 PDT 2017","","","18","100% (11/11)","100% (11/11)","100% (11/11)","The Shawshank Redemption (1994)","Is it a bloody affair?","Is it a chick flick?","Is it a classic?","Is it a comedy?","No","No","Yes","No"
"3O0M2G5VC6KO4S8RWN2VIFXIFEH49N","3H5SGK4YKOGD5FPV07UY2XFV7WLG2A","Categorize movies","For the given movie, we ask if it has certain attributes (e.g., is it a comedy?)","survey, attribute, movie, film","$0.02","Sun Jun 11 14:35:10 PDT 2017","1","BatchId:2832525;OriginalHitTemplateId:920937332;","300","86400","Wed Jun 14 14:35:10 PDT 2017","","","3SEPORI8WOHLYS4FZOBNXQHXSY9ZAG","A1QQQPI1DJGTNK","Approved","Sun Jun 11 14:37:21 PDT 2017","Sun Jun 11 14:37:36 PDT 2017","Mon Jun 12 14:37:36 PDT 2017","Mon Jun 12 09:23:06 PDT 2017","","","15","100% (11/11)","100% (11/11)","100% (11/11)","The Shawshank Redemption (1994)","Is it a costume drama?","Is it a drama?","Is it a good family movie?","Is it a guy flick?","No","Yes","No","Yes"
"3E9VAUV7BWWI7IWGD042UZC9GXYAYT","3H5SGK4YKOGD5FPV07UY2XFV7WLG2A","Categorize movies","For the given movie, we ask if it has certain attributes (e.g., is it a comedy?)","survey, attribute, movie, film","$0.02","Sun Jun 11 14:35:10 PDT 2017","1","BatchId:2832525;OriginalHitTemplateId:920937332;","300","86400","Wed Jun 14 14:35:10 PDT 2017","","","35USIKEBNSYQU1ET6NJHMY82M1BN6X","ADLYO655RWJUI","Approved","Sun Jun 11 14:37:17 PDT 2017","Sun Jun 11 14:37:30 PDT 2017","Mon Jun 12 14:37:30 PDT 2017","Mon Jun 12 09:23:02 PDT 2017","","","13","100% (12/12)","100% (12/12)","100% (12/12)","The Shawshank Redemption (1994)","Is it a love story?","Is it a musical?","Is it a story within a story?","Is it a teen movie?","No","No","No","No"
"3GKAWYFRAPBMWB7R6NZL79R3XVSDP4","3H5SGK4YKOGD5FPV07UY2XFV7WLG2A","Categorize movies","For the given movie, we ask if it has certain attributes (e.g., is it a comedy?)","survey, attribute, movie, film","$0.02","Sun Jun 11 14:35:10 PDT 2017","1","BatchId:2832525;OriginalHitTemplateId:920937332;","300","86400","Wed Jun 14 14:35:10 PDT 2017","","","34J10VATJGGRQIMMOGKNNVTC03TQIH","ADLYO655RWJUI","Approved","Sun Jun 11 14:39:09 PDT 2017","Sun Jun 11 14:39:24 PDT 2017","Mon Jun 12 14:39:24 PDT 2017","Mon Jun 12 09:23:03 PDT 2017","","","15","100% (12/12)","100% (12/12)","100% (12/12)","The Shawshank Redemption (1994)","Is it a western?","Is it about a girl?","Is it about a journey?","Is it about family life?","No","No","Yes","No"
"306W7JMRYYG8BMAQ6A64QX8D50G8B8","3H5SGK4YKOGD5FPV07UY2XFV7WLG2A","Categorize movies","For the given movie, we ask if it has certain attributes (e.g., is it a comedy?)","survey, attribute, movie, film","$0.02","Sun Jun 11 14:35:10 PDT 2017","1","BatchId:2832525;OriginalHitTemplateId:920937332;","300","86400","Wed Jun 14 14:35:10 PDT 2017","","","3C5W7UE9CG8XVYDPV9D79WWMEF0MXQ","A22IIMLQ7K4B3M","Approved","Sun Jun 11 14:36:38 PDT 2017","Sun Jun 11 14:36:55 PDT 2017","Mon Jun 12 14:36:55 PDT 2017","Mon Jun 12 09:22:57 PDT 2017","","","17","100% (15/15)","100% (15/15)","100% (15/15)","The Shawshank Redemption (1994)","Is it about friends?","Is it about sports?","Is it about starting a new life?","Is it about teenagers?","Yes","No","Yes","No"
"3VDI8GSXAFB423I1MWYIR8ZALD8G8X","3H5SGK4YKOGD5FPV07UY2XFV7WLG2A","Categorize movies","For the given movie, we ask if it has certain attributes (e.g., is it a comedy?)","survey, attribute, movie, film","$0.02","Sun Jun 11 14:35:11 PDT 2017","1","BatchId:2832525;OriginalHitTemplateId:920937332;","300","86400","Wed Jun 14 14:35:11 PDT 2017","","","3OS46CRSLGH326N28E58WF2F84E6VY","AMA18W8F60Y2J","Approved","Sun Jun 11 14:44:37 PDT 2017","Sun Jun 11 14:44:56 PDT 2017","Mon Jun 12 14:44:56 PDT 2017","Mon Jun 12 09:23:36 PDT 2017","","","19","100% (2/2)","100% (2/2)","100% (2/2)","The Shawshank Redemption (1994)","Is it about the future?","Is it about the present?","Is it about the sea?","Is it action-adventure?","No","Yes","No","No"
"3RTFSSG7T8OVEWSKVQB4IG74Z1WWLX","3H5SGK4YKOGD5FPV07UY2XFV7WLG2A","Categorize movies","For the given movie, we ask if it has certain attributes (e.g., is it a comedy?)","survey, attribute, movie, film","$0.02","Sun Jun 11 14:35:11 PDT 2017","1","BatchId:2832525;OriginalHitTemplateId:920937332;","300","86400","Wed Jun 14 14:35:11 PDT 2017","","","32EYX73OY1RWBAWMVCY1BORSQKIRUR","AZIDAF8SSJP2A","Approved","Sun Jun 11 14:36:34 PDT 2017","Sun Jun 11 14:41:26 PDT 2017","Mon Jun 12 14:41:26 PDT 2017","Mon Jun 12 09:23:09 PDT 2017","","","292","100% (20/20)","100% (20/20)","100% (20/20)","The Shawshank Redemption (1994)","Is it based on a book?","Is it based on a true story?","Is it based on a video game?","Is it based on historic events?","Yes","Yes","No","No"
"3V0TR1NRVAK29BIWOTGVEA82LWZ4A2","3H5SGK4YKOGD5FPV07UY2XFV7WLG2A","Categorize movies","For the given movie, we ask if it has certain attributes (e.g., is it a comedy?)","survey, attribute, movie, film","$0.02","Sun Jun 11 14:35:11 PDT 2017","1","BatchId:2832525;OriginalHitTemplateId:920937332;","300","86400","Wed Jun 14 14:35:11 PDT 2017","","","3JMSRU9HQJC7FLGHEWO683USP21EVQ","A259UZJQOOVE4V","Approved","Sun Jun 11 14:36:00 PDT 2017","Sun Jun 11 14:36:18 PDT 2017","Mon Jun 12 14:36:18 PDT 2017","Mon Jun 12 09:23:36 PDT 2017","","","18","100% (1/1)","100% (1/1)","100% (1/1)","The Shawshank Redemption (1994)","Is it comedic?","Is it confusing?","Is it inspirational?","Is it mainly about one character?","No","No","Yes","Yes"
"3L21G7IH47EMDUJGHHB9JYJ6C3S1YW","3H5SGK4YKOGD5FPV07UY2XFV7WLG2A","Categorize movies","For the given movie, we ask if it has certain attributes (e.g., is it a comedy?)","survey, attribute, movie, film","$0.02","Sun Jun 11 14:35:11 PDT 2017","1","BatchId:2832525;OriginalHitTemplateId:920937332;","300","86400","Wed Jun 14 14:35:11 PDT 2017","","","3SNVL38CI5AE2C2RJ144G6J8OSHKCH","AZIDAF8SSJP2A","Approved","Sun Jun 11 14:36:15 PDT 2017","Sun Jun 11 14:36:38 PDT 2017","Mon Jun 12 14:36:38 PDT 2017","Mon Jun 12 09:23:05 PDT 2017","","","23","100% (20/20)","100% (20/20)","100% (20/20)","The Shawshank Redemption (1994)","Is it optimistic?","Is it part of a trilogy?","Is it political?","Is it popular with a younger audience?","Yes","No","Yes","No"
"3WUVMVA7OBLIC86L9M6L86LBMR2AZK","3H5SGK4YKOGD5FPV07UY2XFV7WLG2A","Categorize movies","For the given movie, we ask if it has certain attributes (e.g., is it a comedy?)","survey, attribute, movie, film","$0.02","Sun Jun 11 14:35:11 PDT 2017","1","BatchId:2832525;OriginalHitTemplateId:920937332;","300","86400","Wed Jun 14 14:35:11 PDT 2017","","","3I2PTA7R3UCIWDCAOJ5Z0B8PS7IKQM","ADLYO655RWJUI","Approved","Sun Jun 11 14:36:52 PDT 2017","Sun Jun 11 14:37:04 PDT 2017","Mon Jun 12 14:37:04 PDT 2017","Mon Jun 12 09:23:38 PDT 2017","","","12","100% (12/12)","100% (12/12)","100% (12/12)","The Shawshank Redemption (1994)","Is it popular with children?","Is it realistic?","Is it really long?","Is it romantic?","No","Yes","Yes","No"
"3V7ICJJAZAY7SLNOU7GR9LS83EK4BX","3H5SGK4YKOGD5FPV07UY2XFV7WLG2A","Categorize movies","For the given movie, we ask if it has certain attributes (e.g., is it a comedy?)","survey, attribute, movie, film","$0.02","Sun Jun 11 14:35:11 PDT 2017","1","BatchId:2832525;OriginalHitTemplateId:920937332;","300","86400","Wed Jun 14 14:35:11 PDT 2017","","","3FIJLY1B6VMMGFJHNVZDKTQAFFFPFY","AZIDAF8SSJP2A","Approved","Sun Jun 11 14:36:14 PDT 2017","Sun Jun 11 14:37:30 PDT 2017","Mon Jun 12 14:37:30 PDT 2017","Mon Jun 12 09:23:36 PDT 2017","","","76","100% (20/20)","100% (20/20)","100% (20/20)","The Shawshank Redemption (1994)","Is it scary?","Is it science fiction?","Is it set during a war?","Is it set in America?","No","No","No","Yes"
"3SBNLSTU6UNGAF9XTWXNY7TH7UYZDA","3H5SGK4YKOGD5FPV07UY2XFV7WLG2A","Categorize movies","For the given movie, we ask if it has certain attributes (e.g., is it a comedy?)","survey, attribute, movie, film","$0.02","Sun Jun 11 14:35:11 PDT 2017","1","BatchId:2832525;OriginalHitTemplateId:920937332;","300","86400","Wed Jun 14 14:35:11 PDT 2017","","","3SITXWYCNWR1C79S4KNYVGLS2GWXBC","A29MXPDE1MLKEG","Approved","Sun Jun 11 14:38:29 PDT 2017","Sun Jun 11 14:38:42 PDT 2017","Mon Jun 12 14:38:42 PDT 2017","Mon Jun 12 09:23:09 PDT 2017","","","13","100% (3/3)","100% (3/3)","100% (3/3)","The Shawshank Redemption (1994)","Is it set in an exotic place?","Is it set in modern times?","Is it set in the mountains?","Is it set mainly in the outdoors?","No","Yes","No","No"
"3A3KKYU7P3ZFKEA5V2CJITMTZ6MWMZ","3H5SGK4YKOGD5FPV07UY2XFV7WLG2A","Categorize movies","For the given movie, we ask if it has certain attributes (e.g., is it a comedy?)","survey, attribute, movie, film","$0.02","Sun Jun 11 14:35:11 PDT 2017","1","BatchId:2832525;OriginalHitTemplateId:920937332;","300","86400","Wed Jun 14 14:35:11 PDT 2017","","","31Q0U3WYDQX6KUL9KAQBV5VVEBR719","A2F93SIUUV5HQH","Approved","Sun Jun 11 14:45:16 PDT 2017","Sun Jun 11 14:45:35 PDT 2017","Mon Jun 12 14:45:35 PDT 2017","Mon Jun 12 09:23:01 PDT 2017","","","19","100% (2/2)","100% (2/2)","100% (2/2)","The Shawshank Redemption (1994)","Is it suspenseful?","Is it violent?","Is it your favorite movie?","Was it a hit?","Yes","Yes","No","Yes"
"3HKIF5DF6YF4G81BRO4WR4UL5JQG9M","3H5SGK4YKOGD5FPV07UY2XFV7WLG2A","Categorize movies","For the given movie, we ask if it has certain attributes (e.g., is it a comedy?)","survey, attribute, movie, film","$0.02","Sun Jun 11 14:35:11 PDT 2017","1","BatchId:2832525;OriginalHitTemplateId:920937332;","300","86400","Wed Jun 14 14:35:11 PDT 2017","","","3TPWUS5F8AJ5XCW88FN74HD3BZQCW5","A1QQQPI1DJGTNK","Approved","Sun Jun 11 14:35:59 PDT 2017","Sun Jun 11 14:36:18 PDT 2017","Mon Jun 12 14:36:18 PDT 2017","Mon Jun 12 09:23:03 PDT 2017","","","19","100% (11/11)","100% (11/11)","100% (11/11)","The Shawshank Redemption (1994)","Was it filmed in Hollywood?","Was it made after the year 2000?","Was it nominated for an award?","Was it popular in the '70s?","Unsure","No","Yes","Yes"
"37VHPF5VYCLRLR2WKA2Z1HEVNLG8CF","3H5SGK4YKOGD5FPV07UY2XFV7WLG2A","Categorize movies","For the given movie, we ask if it has certain attributes (e.g., is it a comedy?)","survey, attribute, movie, film","$0.02","Sun Jun 11 14:35:11 PDT 2017","1","BatchId:2832525;OriginalHitTemplateId:920937332;","300","86400","Wed Jun 14 14:35:11 PDT 2017","","","3DR23U6WE6WS2TCS91OR7L67SHLETA","A22IIMLQ7K4B3M","Approved","Sun Jun 11 14:35:53 PDT 2017","Sun Jun 11 14:36:07 PDT 2017","Mon Jun 12 14:36:07 PDT 2017","Mon Jun 12 09:23:00 PDT 2017","","","14","100% (15/15)","100% (15/15)","100% (15/15)","The Shawshank Redemption (1994)","Was it popular in the '80s?","Was it popular in the '90s?","Would teenagers love it?","Would your grandmother like it?","Yes","Yes","Yes","Yes"
"3OREP8RUT2TN41G8P8ISIAPBTJTGBW","3H5SGK4YKOGD5FPV07UY2XFV7WLG2A","Categorize movies","For the given movie, we ask if it has certain attributes (e.g., is it a comedy?)","survey, attribute, movie, film","$0.02","Sun Jun 11 14:35:11 PDT 2017","1","BatchId:2832525;OriginalHitTemplateId:920937332;","300","86400","Wed Jun 14 14:35:11 PDT 2017","","","33SA9F9TRYCKUAGM46T2U5D6WB3EW0","A37AJI03M37NPJ","Approved","Sun Jun 11 14:36:14 PDT 2017","Sun Jun 11 14:36:37 PDT 2017","Mon Jun 12 14:36:37 PDT 2017","Mon Jun 12 09:23:07 PDT 2017","","","23","100% (3/3)","100% (3/3)","100% (3/3)","The Godfather (1972)","Are there criminals in it?","Are witches part of the story?","Did it inspire a line of toys?","Did it make you cry?","Yes","No","Unsure","Yes"
"3OKP4QVBP2FILRBGJUIWNZ55B18GA1","3H5SGK4YKOGD5FPV07UY2XFV7WLG2A","Categorize movies","For the given movie, we ask if it has certain attributes (e.g., is it a comedy?)","survey, attribute, movie, film","$0.02","Sun Jun 11 14:35:11 PDT 2017","1","BatchId:2832525;OriginalHitTemplateId:920937332;","300","86400","Wed Jun 14 14:35:11 PDT 2017","","","3MD9PLUKKJWSIBY48SGSJW1XR58ZN0","ADLYO655RWJUI","Approved","Sun Jun 11 14:38:36 PDT 2017","Sun Jun 11 14:38:55 PDT 2017","Mon Jun 12 14:38:55 PDT 2017","Mon Jun 12 09:23:07 PDT 2017","","","19","100% (12/12)","100% (12/12)","100% (12/12)","The Godfather (1972)","Did it make you jump?","Did it spawn a catch phrase?","Did it stir up controversy?","Did it win a Best Picture award?","No","Yes","Yes","Unsure"
"3DTJ4WT8BDXL2LNXPR874PB276ZZE3","3H5SGK4YKOGD5FPV07UY2XFV7WLG2A","Categorize movies","For the given movie, we ask if it has certain attributes (e.g., is it a comedy?)","survey, attribute, movie, film","$0.02","Sun Jun 11 14:35:11 PDT 2017","1","BatchId:2832525;OriginalHitTemplateId:920937332;","300","86400","Wed Jun 14 14:35:11 PDT 2017","","","3C6FJU71TRB58B8897QVJKKPT7XUYW","AZIDAF8SSJP2A","Approved","Sun Jun 11 14:39:19 PDT 2017","Sun Jun 11 14:43:02 PDT 2017","Mon Jun 12 14:43:02 PDT 2017","Mon Jun 12 09:23:01 PDT 2017","","","223","100% (20/20)","100% (20/20)","100% (20/20)","The Godfather (1972)","Did you like the ending?","Do you think it's funny?","Does it deal with racism?","Does it explore fringe culture?","No","Yes","No","Yes"
"3VGZ74AYTGY6E68E38ENTUVTB4TGC3","3H5SGK4YKOGD5FPV07UY2XFV7WLG2A","Categorize movies","For the given movie, we ask if it has certain attributes (e.g., is it a comedy?)","survey, attribute, movie, film","$0.02","Sun Jun 11 14:35:11 PDT 2017","1","BatchId:2832525;OriginalHitTemplateId:920937332;","300","86400","Wed Jun 14 14:35:11 PDT 2017","","","3R8YZBNQ9I0U1Y5Q5PGQW633MNIQ7M","A22IIMLQ7K4B3M","Approved","Sun Jun 11 14:38:28 PDT 2017","Sun Jun 11 14:38:38 PDT 2017","Mon Jun 12 14:38:38 PDT 2017","Mon Jun 12 09:23:37 PDT 2017","","","10","100% (15/15)","100% (15/15)","100% (15/15)","The Godfather (1972)","Does it feature a determined female character?","Does it feature dancing?","Does it feature memorable music?","Does it have a cult following?","No","No","No","Yes"
"33N1S8XHHM3MIKTLD3DSX5S8IXW1ZN","3H5SGK4YKOGD5FPV07UY2XFV7WLG2A","Categorize movies","For the given movie, we ask if it has certain attributes (e.g., is it a comedy?)","survey, attribute, movie, film","$0.02","Sun Jun 11 14:35:11 PDT 2017","1","BatchId:2832525;OriginalHitTemplateId:920937332;","300","86400","Wed Jun 14 14:35:11 PDT 2017","","","3KMS4QQVK38L5OM1A3U5OC4BL59KFS","AZIDAF8SSJP2A","Approved","Sun Jun 11 14:36:24 PDT 2017","Sun Jun 11 14:40:06 PDT 2017","Mon Jun 12 14:40:06 PDT 2017","Mon Jun 12 09:22:59 PDT 2017","","","222","100% (20/20)","100% (20/20)","100% (20/20)","The Godfather (1972)","Does it have a famous cast?","Does it have a famous director?","Does it have a happy ending?","Does it have a lot of nudity?","Yes","Yes","No","Yes"
"3UQVX1UPFSZW5K5RSD0EWPZRSWR20D","3H5SGK4YKOGD5FPV07UY2XFV7WLG2A","Categorize movies","For the given movie, we ask if it has certain attributes (e.g., is it a comedy?)","survey, attribute, movie, film","$0.02","Sun Jun 11 14:35:11 PDT 2017","1","BatchId:2832525;OriginalHitTemplateId:920937332;","300","86400","Wed Jun 14 14:35:11 PDT 2017","","","32Z9ZLUT1M2O9BYM3LAYYEXXLPWHO7","A2HM35CWB7IIFM","Approved","Sun Jun 11 14:35:32 PDT 2017","Sun Jun 11 14:35:48 PDT 2017","Mon Jun 12 14:35:48 PDT 2017","Mon Jun 12 09:23:10 PDT 2017","","","16","100% (1/1)","100% (1/1)","100% (1/1)","The Godfather (1972)","Does it have a memorable quote?","Does it have a popular soundtrack?","Does it have a sequel?","Does it have an award winning character?","Yes","Yes","Yes","Yes"
"31KPKEKW4AVQTX5NB6TPXI2VM24B0O","3H5SGK4YKOGD5FPV07UY2XFV7WLG2A","Categorize movies","For the given movie, we ask if it has certain attributes (e.g., is it a comedy?)","survey, attribute, movie, film","$0.02","Sun Jun 11 14:35:11 PDT 2017","1","BatchId:2832525;OriginalHitTemplateId:920937332;","300","86400","Wed Jun 14 14:35:11 PDT 2017","","","3IKZ72A5B5YMDU747GMLG4LFF0ENF0","A2CF515SFZOAXU","Approved","Sun Jun 11 14:37:45 PDT 2017","Sun Jun 11 14:38:00 PDT 2017","Mon Jun 12 14:38:00 PDT 2017","Mon Jun 12 09:22:58 PDT 2017","","","15","100% (6/6)","100% (6/6)","100% (6/6)","The Godfather (1972)","Does it have Mob connections?","Does it have wacky characters?","Does it involve a murder?","Does it involve advanced technology?","Yes","Yes","Yes","Unsure"
"3K8CQCU3KEJL2WV573RJV8BT4WWWNZ","3H5SGK4YKOGD5FPV07UY2XFV7WLG2A","Categorize movies","For the given movie, we ask if it has certain attributes (e.g., is it a comedy?)","survey, attribute, movie, film","$0.02","Sun Jun 11 14:35:11 PDT 2017","1","BatchId:2832525;OriginalHitTemplateId:920937332;","300","86400","Wed Jun 14 14:35:11 PDT 2017","","","3F1567XTNXNYFHTJKMEAA2U9HD69QH","AZIDAF8SSJP2A","Approved","Sun Jun 11 14:36:19 PDT 2017","Sun Jun 11 14:39:07 PDT 2017","Mon Jun 12 14:39:07 PDT 2017","Mon Jun 12 09:23:04 PDT 2017","","","168","100% (20/20)","100% (20/20)","100% (20/20)","The Godfather (1972)","Does it involve aliens?","Does it involve animals?","Does it involve college students?","Does it involve imprisonment?","No","No","No","No"
"32W3UF2EZO3Q2QFU87CMK5YQLZK4C4","3H5SGK4YKOGD5FPV07UY2XFV7WLG2A","Categorize movies","For the given movie, we ask if it has certain attributes (e.g., is it a comedy?)","survey, attribute, movie, film","$0.02","Sun Jun 11 14:35:11 PDT 2017","1","BatchId:2832525;OriginalHitTemplateId:920937332;","300","86400","Wed Jun 14 14:35:11 PDT 2017","","","3C8HJ7UOP8CM0TD4WR1S6HCXMFYMZN","A3I9FTHSULHPYS","Approved","Sun Jun 11 14:36:52 PDT 2017","Sun Jun 11 14:37:00 PDT 2017","Mon Jun 12 14:37:00 PDT 2017","Mon Jun 12 09:22:59 PDT 2017","","","8","100% (9/9)","100% (9/9)","100% (9/9)","The Godfather (1972)","Does it involve magic?","Does it make you think?","Does it remind you of your childhood?","Does it take place in North America?","No","Yes","No","No"
"3MYASTQBG7T7WN8660EA7EHD2REDQV","3H5SGK4YKOGD5FPV07UY2XFV7WLG2A","Categorize movies","For the given movie, we ask if it has certain attributes (e.g., is it a comedy?)","survey, attribute, movie, film","$0.02","Sun Jun 11 14:35:11 PDT 2017","1","BatchId:2832525;OriginalHitTemplateId:920937332;","300","86400","Wed Jun 14 14:35:11 PDT 2017","","","3W2LOLRXLCXI8ERA1YUZ51IUOTKRKU","A22IIMLQ7K4B3M","Approved","Sun Jun 11 14:36:07 PDT 2017","Sun Jun 11 14:36:17 PDT 2017","Mon Jun 12 14:36:17 PDT 2017","Mon Jun 12 09:23:06 PDT 2017","","","10","100% (15/15)","100% (15/15)","100% (15/15)","The Godfather (1972)","Does someone die?","Does someone get betrayed?","Does the title have a person's name in it?","Has it won an Oscar?","Yes","Yes","Yes","Yes"
"306996CF6W2Q0MQ57PXPBNL5RUAB1R","3H5SGK4YKOGD5FPV07UY2XFV7WLG2A","Categorize movies","For the given movie, we ask if it has certain attributes (e.g., is it a comedy?)","survey, attribute, movie, film","$0.02","Sun Jun 11 14:35:11 PDT 2017","1","BatchId:2832525;OriginalHitTemplateId:920937332;","300","86400","Wed Jun 14 14:35:11 PDT 2017","","","3KGTPGBS6Y3F7QF1GMJ0AGJKES2U2F","ADLYO655RWJUI","Approved","Sun Jun 11 14:36:05 PDT 2017","Sun Jun 11 14:36:51 PDT 2017","Mon Jun 12 14:36:51 PDT 2017","Mon Jun 12 09:22:57 PDT 2017","","","46","100% (12/12)","100% (12/12)","100% (12/12)","The Godfather (1972)","Is it a bloody affair?","Is it a chick flick?","Is it a classic?","Is it a comedy?","Yes","No","Yes","No"
"3YZ7A3YHR5BO5Q8QJYLW428M7Y15S4","3H5SGK4YKOGD5FPV07UY2XFV7WLG2A","Categorize movies","For the given movie, we ask if it has certain attributes (e.g., is it a comedy?)","survey, attribute, movie, film","$0.02","Sun Jun 11 14:35:11 PDT 2017","1","BatchId:2832525;OriginalHitTemplateId:920937332;","300","86400","Wed Jun 14 14:35:11 PDT 2017","","","3ZAK8W07I5W8BGCN1ZFMRSQ5HUIU0V","A3I9FTHSULHPYS","Approved","Sun Jun 11 14:35:53 PDT 2017","Sun Jun 11 14:36:01 PDT 2017","Mon Jun 12 14:36:01 PDT 2017","Mon Jun 12 09:23:38 PDT 2017","","","8","100% (9/9)","100% (9/9)","100% (9/9)","The Godfather (1972)","Is it a costume drama?","Is it a drama?","Is it a good family movie?","Is it a guy flick?","Yes","Yes","Yes","Yes"
"3RHLQY6EDTM07IL8837X4BG86ZW4D4","3H5SGK4YKOGD5FPV07UY2XFV7WLG2A","Categorize movies","For the given movie, we ask if it has certain attributes (e.g., is it a comedy?)","survey, attribute, movie, film","$0.02","Sun Jun 11 14:35:11 PDT 2017","1","BatchId:2832525;OriginalHitTemplateId:920937332;","300","86400","Wed Jun 14 14:35:11 PDT 2017","","","30IQTZXKALO0SK6I64Q9BZP9BCZX0Q","A2T1K94BLNDBAH","Approved","Sun Jun 11 14:37:28 PDT 2017","Sun Jun 11 14:37:44 PDT 2017","Mon Jun 12 14:37:44 PDT 2017","Mon Jun 12 09:23:08 PDT 2017","","","16","100% (7/7)","100% (7/7)","100% (7/7)","The Godfather (1972)","Is it a love story?","Is it a musical?","Is it a story within a story?","Is it a teen movie?","No","No","No","No"
"3MQY1YVHS32XP781QTX3G6VAJ0OB28","3H5SGK4YKOGD5FPV07UY2XFV7WLG2A","Categorize movies","For the given movie, we ask if it has certain attributes (e.g., is it a comedy?)","survey, attribute, movie, film","$0.02","Sun Jun 11 14:35:11 PDT 2017","1","BatchId:2832525;OriginalHitTemplateId:920937332;","300","86400","Wed Jun 14 14:35:11 PDT 2017","","","30H4UDGLT30SMPBY9I3QFJAJCGRPM5","AZIDAF8SSJP2A","Approved","Sun Jun 11 14:36:30 PDT 2017","Sun Jun 11 14:40:52 PDT 2017","Mon Jun 12 14:40:52 PDT 2017","Mon Jun 12 09:23:05 PDT 2017","","","262","100% (20/20)","100% (20/20)","100% (20/20)","The Godfather (1972)","Is it a western?","Is it about a girl?","Is it about a journey?","Is it about family life?","No","No","No","No"
"3VP28W7DUN2D8ZNTK2SDM7W2J7EZFL","3H5SGK4YKOGD5FPV07UY2XFV7WLG2A","Categorize movies","For the given movie, we ask if it has certain attributes (e.g., is it a comedy?)","survey, attribute, movie, film","$0.02","Sun Jun 11 14:35:11 PDT 2017","1","BatchId:2832525;OriginalHitTemplateId:920937332;","300","86400","Wed Jun 14 14:35:11 PDT 2017","","","3NS0A6KXC5QM8JHILO3XTCS0QTMZGS","A37AJI03M37NPJ","Approved","Sun Jun 11 14:37:57 PDT 2017","Sun Jun 11 14:38:20 PDT 2017","Mon Jun 12 14:38:20 PDT 2017","Mon Jun 12 09:23:37 PDT 2017","","","23","100% (3/3)","100% (3/3)","100% (3/3)","The Godfather (1972)","Is it about friends?","Is it about sports?","Is it about starting a new life?","Is it about teenagers?","No","No","No","No"
"30Y6N4AHYPE78ON6JF3AC4RIYDGDRW","3H5SGK4YKOGD5FPV07UY2XFV7WLG2A","Categorize movies","For the given movie, we ask if it has certain attributes (e.g., is it a comedy?)","survey, attribute, movie, film","$0.02","Sun Jun 11 14:35:11 PDT 2017","1","BatchId:2832525;OriginalHitTemplateId:920937332;","300","86400","Wed Jun 14 14:35:11 PDT 2017","","","3MX2NQ3YCACZNRSJ3AWLSUL0SKAX5B","A29MXPDE1MLKEG","Approved","Sun Jun 11 14:38:05 PDT 2017","Sun Jun 11 14:38:22 PDT 2017","Mon Jun 12 14:38:22 PDT 2017","Mon Jun 12 09:22:58 PDT 2017","","","17","100% (3/3)","100% (3/3)","100% (3/3)","The Godfather (1972)","Is it about the future?","Is it about the present?","Is it about the sea?","Is it action-adventure?","No","No","No","No"
"36FQTHX3Z39MAP4KUTB8ZG02PEOB3J","3H5SGK4YKOGD5FPV07UY2XFV7WLG2A","Categorize movies","For the given movie, we ask if it has certain attributes (e.g., is it a comedy?)","survey, attribute, movie, film","$0.02","Sun Jun 11 14:35:12 PDT 2017","1","BatchId:2832525;OriginalHitTemplateId:920937332;","300","86400","Wed Jun 14 14:35:12 PDT 2017","","","34YB12FSQZ6M9CIZ6ZD3LAWRBP5GMT","A292QSLC0BUT0O","Approved","Sun Jun 11 14:44:06 PDT 2017","Sun Jun 11 14:45:06 PDT 2017","Mon Jun 12 14:45:06 PDT 2017","Mon Jun 12 09:23:00 PDT 2017","","","60","100% (1/1)","100% (1/1)","100% (1/1)","The Godfather (1972)","Is it based on a book?","Is it based on a true story?","Is it based on a video game?","Is it based on historic events?","Yes","No","No","No"
"3P0I4CQYVYP3KHVH8IRWAXBYU61WOE","3H5SGK4YKOGD5FPV07UY2XFV7WLG2A","Categorize movies","For the given movie, we ask if it has certain attributes (e.g., is it a comedy?)","survey, attribute, movie, film","$0.02","Sun Jun 11 14:35:11 PDT 2017","1","BatchId:2832525;OriginalHitTemplateId:920937332;","300","86400","Wed Jun 14 14:35:11 PDT 2017","","","3IXEICO7931OPEJD3J5TVXEUBJY6TI","A3H8O4XH8VNL02","Approved","Sun Jun 11 14:44:14 PDT 2017","Sun Jun 11 14:44:37 PDT 2017","Mon Jun 12 14:44:37 PDT 2017","Mon Jun 12 09:23:07 PDT 2017","","","23","100% (5/5)","100% (5/5)","100% (5/5)","The Godfather (1972)","Is it comedic?","Is it confusing?","Is it inspirational?","Is it mainly about one character?","No","No","No","No"
"3V7ICJJAZAY7SLNOU7GR9LS83EKB44","3H5SGK4YKOGD5FPV07UY2XFV7WLG2A","Categorize movies","For the given movie, we ask if it has certain attributes (e.g., is it a comedy?)","survey, attribute, movie, film","$0.02","Sun Jun 11 14:35:12 PDT 2017","1","BatchId:2832525;OriginalHitTemplateId:920937332;","300","86400","Wed Jun 14 14:35:12 PDT 2017","","","3BGYGHDBBY26NE6ZX29U4XOSV1J225","A8393GC8DDKS8","Approved","Sun Jun 11 14:37:34 PDT 2017","Sun Jun 11 14:37:51 PDT 2017","Mon Jun 12 14:37:51 PDT 2017","Mon Jun 12 09:23:36 PDT 2017","","","17","100% (5/5)","100% (5/5)","100% (5/5)","The Godfather (1972)","Is it optimistic?","Is it part of a trilogy?","Is it political?","Is it popular with a younger audience?","Yes","Yes","No","No"
"3WGZLY9VCH41QJ8AK6XALNWD8LS8DF","3H5SGK4YKOGD5FPV07UY2XFV7WLG2A","Categorize movies","For the given movie, we ask if it has certain attributes (e.g., is it a comedy?)","survey, attribute, movie, film","$0.02","Sun Jun 11 14:35:12 PDT 2017","1","BatchId:2832525;OriginalHitTemplateId:920937332;","300","86400","Wed Jun 14 14:35:12 PDT 2017","","","3EKVH9QMEZMTQO4FURTB0GFWSS82DE","AKSJ3C5O3V9RB","Approved","Sun Jun 11 14:38:55 PDT 2017","Sun Jun 11 14:39:03 PDT 2017","Mon Jun 12 14:39:03 PDT 2017","Mon Jun 12 09:23:37 PDT 2017","","","8","100% (5/5)","100% (5/5)","100% (5/5)","The Godfather (1972)","Is it popular with children?","Is it realistic?","Is it really long?","Is it romantic?","No","Yes","Yes","No"
"3TCFMTM8HE6WC9Q9OW4EAUI1XOX21G","3H5SGK4YKOGD5FPV07UY2XFV7WLG2A","Categorize movies","For the given movie, we ask if it has certain attributes (e.g., is it a comedy?)","survey, attribute, movie, film","$0.02","Sun Jun 11 14:35:12 PDT 2017","1","BatchId:2832525;OriginalHitTemplateId:920937332;","300","86400","Wed Jun 14 14:35:12 PDT 2017","","","3JC6VJ2SAC1NREKQS0478MA2RZ1A5K","A22IIMLQ7K4B3M","Approved","Sun Jun 11 14:37:13 PDT 2017","Sun Jun 11 14:37:24 PDT 2017","Mon Jun 12 14:37:24 PDT 2017","Mon Jun 12 09:23:09 PDT 2017","","","11","100% (15/15)","100% (15/15)","100% (15/15)","The Godfather (1972)","Is it scary?","Is it science fiction?","Is it set during a war?","Is it set in America?","No","No","No","Yes"
"3E9ZFLPWOYA8DVP4KSADSJTJRZ9IXZ","3H5SGK4YKOGD5FPV07UY2XFV7WLG2A","Categorize movies","For the given movie, we ask if it has certain attributes (e.g., is it a comedy?)","survey, attribute, movie, film","$0.02","Sun Jun 11 14:35:12 PDT 2017","1","BatchId:2832525;OriginalHitTemplateId:920937332;","300","86400","Wed Jun 14 14:35:12 PDT 2017","","","3X3OR7WPZ0INAFUWNP00TK04N11L8F","A22IIMLQ7K4B3M","Approved","Sun Jun 11 14:38:12 PDT 2017","Sun Jun 11 14:38:27 PDT 2017","Mon Jun 12 14:38:27 PDT 2017","Mon Jun 12 09:23:02 PDT 2017","","","15","100% (15/15)","100% (15/15)","100% (15/15)","The Godfather (1972)","Is it set in an exotic place?","Is it set in modern times?","Is it set in the mountains?","Is it set mainly in the outdoors?","No","No","No","No"
"3WRKFXQBOBPXD0FEPOWFBX0ST53IY5","3H5SGK4YKOGD5FPV07UY2XFV7WLG2A","Categorize movies","For the given movie, we ask if it has certain attributes (e.g., is it a comedy?)","survey, attribute, movie, film","$0.02","Sun Jun 11 14:35:12 PDT 2017","1","BatchId:2832525;OriginalHitTemplateId:920937332;","300","86400","Wed Jun 14 14:35:12 PDT 2017","","","3NJM2BJS4XOFD3Z7WT9CCN57I2NCPA","A3MD34XEB4H6JF","Approved","Sun Jun 11 14:35:31 PDT 2017","Sun Jun 11 14:36:04 PDT 2017","Mon Jun 12 14:36:04 PDT 2017","Mon Jun 12 09:23:38 PDT 2017","","","33","100% (1/1)","100% (1/1)","100% (1/1)","The Godfather (1972)","Is it suspenseful?","Is it violent?","Is it your favorite movie?","Was it a hit?","Yes","Yes","No","Yes"
"3UUIU9GZC5NPKQL58YQME7489HF5TT","3H5SGK4YKOGD5FPV07UY2XFV7WLG2A","Categorize movies","For the given movie, we ask if it has certain attributes (e.g., is it a comedy?)","survey, attribute, movie, film","$0.02","Sun Jun 11 14:35:12 PDT 2017","1","BatchId:2832525;OriginalHitTemplateId:920937332;","300","86400","Wed Jun 14 14:35:12 PDT 2017","","","3180JW2OT5UYS7NUM6HK1LDLHMWJ5A","AMA18W8F60Y2J","Approved","Sun Jun 11 14:45:15 PDT 2017","Sun Jun 11 14:45:33 PDT 2017","Mon Jun 12 14:45:33 PDT 2017","Mon Jun 12 09:23:36 PDT 2017","","","18","100% (2/2)","100% (2/2)","100% (2/2)","The Godfather (1972)","Was it filmed in Hollywood?","Was it made after the year 2000?","Was it nominated for an award?","Was it popular in the '70s?","Yes","No","Yes","Yes"
"3R868ACW4SUJMZJOVMYV4SWEKMEZGK","3H5SGK4YKOGD5FPV07UY2XFV7WLG2A","Categorize movies","For the given movie, we ask if it has certain attributes (e.g., is it a comedy?)","survey, attribute, movie, film","$0.02","Sun Jun 11 14:35:12 PDT 2017","1","BatchId:2832525;OriginalHitTemplateId:920937332;","300","86400","Wed Jun 14 14:35:12 PDT 2017","","","3RGU30DZTBQW0E80E5Y6INO73HLMJ2","ADLYO655RWJUI","Approved","Sun Jun 11 14:35:37 PDT 2017","Sun Jun 11 14:36:02 PDT 2017","Mon Jun 12 14:36:02 PDT 2017","Mon Jun 12 09:23:08 PDT 2017","","","25","100% (12/12)","100% (12/12)","100% (12/12)","The Godfather (1972)","Was it popular in the '80s?","Was it popular in the '90s?","Would teenagers love it?","Would your grandmother like it?","No","No","Yes","Yes"
"3P520RYKCHO4K30U83GWJ3QASVM5UK","3H5SGK4YKOGD5FPV07UY2XFV7WLG2A","Categorize movies","For the given movie, we ask if it has certain attributes (e.g., is it a comedy?)","survey, attribute, movie, film","$0.02","Sun Jun 11 14:35:12 PDT 2017","1","BatchId:2832525;OriginalHitTemplateId:920937332;","300","86400","Wed Jun 14 14:35:12 PDT 2017","","","3KXIR214I5YGQSLM1GSIXCLQFFF241","A3I9FTHSULHPYS","Approved","Sun Jun 11 14:37:39 PDT 2017","Sun Jun 11 14:37:46 PDT 2017","Mon Jun 12 14:37:46 PDT 2017","Mon Jun 12 09:23:07 PDT 2017","","","7","100% (9/9)","100% (9/9)","100% (9/9)","The Godfather: Part II (1974)","Are there criminals in it?","Are witches part of the story?","Did it inspire a line of toys?","Did it make you cry?","Yes","No","No","No"
"3HYV4299H0E6IPMAG18UR5EY8XT8E8","3H5SGK4YKOGD5FPV07UY2XFV7WLG2A","Categorize movies","For the given movie, we ask if it has certain attributes (e.g., is it a comedy?)","survey, attribute, movie, film","$0.02","Sun Jun 11 14:35:12 PDT 2017","1","BatchId:2832525;OriginalHitTemplateId:920937332;","300","86400","Wed Jun 14 14:35:12 PDT 2017","","","3IUZPWIU1PPNGA8W0S45S0QBG8ZKWQ","ADLYO655RWJUI","Approved","Sun Jun 11 14:37:31 PDT 2017","Sun Jun 11 14:37:46 PDT 2017","Mon Jun 12 14:37:46 PDT 2017","Mon Jun 12 09:23:03 PDT 2017","","","15","100% (12/12)","100% (12/12)","100% (12/12)","The Godfather: Part II (1974)","Did it make you jump?","Did it spawn a catch phrase?","Did it stir up controversy?","Did it win a Best Picture award?","No","Yes","Yes","Unsure"
"3FW4EL5A3L631U85704SFDS6PUB22X","3H5SGK4YKOGD5FPV07UY2XFV7WLG2A","Categorize movies","For the given movie, we ask if it has certain attributes (e.g., is it a comedy?)","survey, attribute, movie, film","$0.02","Sun Jun 11 14:35:12 PDT 2017","1","BatchId:2832525;OriginalHitTemplateId:920937332;","300","86400","Wed Jun 14 14:35:12 PDT 2017","","","38BQUHLA9XIA1PZXUIQBQJ5T2BVMOL","A3I9FTHSULHPYS","Approved","Sun Jun 11 14:36:02 PDT 2017","Sun Jun 11 14:36:11 PDT 2017","Mon Jun 12 14:36:11 PDT 2017","Mon Jun 12 09:23:02 PDT 2017","","","9","100% (9/9)","100% (9/9)","100% (9/9)","The Godfather: Part II (1974)","Did you like the ending?","Do you think it's funny?","Does it deal with racism?","Does it explore fringe culture?","Yes","No","No","No"
"30P8I9JKOI34XIPUDTQ1FPST62V5V9","3H5SGK4YKOGD5FPV07UY2XFV7WLG2A","Categorize movies","For the given movie, we ask if it has certain attributes (e.g., is it a comedy?)","survey, attribute, movie, film","$0.02","Sun Jun 11 14:35:12 PDT 2017","1","BatchId:2832525;OriginalHitTemplateId:920937332;","300","86400","Wed Jun 14 14:35:12 PDT 2017","","","3UXUOQ9OKFF2EIY9GTJ466OYI5WA7Z","AZASF7FJZL5DQ","Approved","Sun Jun 11 14:37:15 PDT 2017","Sun Jun 11 14:38:05 PDT 2017","Mon Jun 12 14:38:05 PDT 2017","Mon Jun 12 09:22:58 PDT 2017","","","50","100% (2/2)","100% (2/2)","100% (2/2)","The Godfather: Part II (1974)","Does it feature a determined female character?","Does it feature dancing?","Does it feature memorable music?","Does it have a cult following?","No","No","Yes","Yes"
"3ECKRY5B1QEXIQPJLAYYP49UZZ7IZW","3H5SGK4YKOGD5FPV07UY2XFV7WLG2A","Categorize movies","For the given movie, we ask if it has certain attributes (e.g., is it a comedy?)","survey, attribute, movie, film","$0.02","Sun Jun 11 14:35:12 PDT 2017","1","BatchId:2832525;OriginalHitTemplateId:920937332;","300","86400","Wed Jun 14 14:35:12 PDT 2017","","","3W2LOLRXLCXI8ERA1YUZ51IUOTKKRN","A2CF515SFZOAXU","Approved","Sun Jun 11 14:36:56 PDT 2017","Sun Jun 11 14:37:09 PDT 2017","Mon Jun 12 14:37:09 PDT 2017","Mon Jun 12 09:23:02 PDT 2017","","","13","100% (6/6)","100% (6/6)","100% (6/6)","The Godfather: Part II (1974)","Does it have a famous cast?","Does it have a famous director?","Does it have a happy ending?","Does it have a lot of nudity?","Yes","Yes","No","Unsure"
"3CZH926SICW5ZOZ84YIHATYT6BX4EX","3H5SGK4YKOGD5FPV07UY2XFV7WLG2A","Categorize movies","For the given movie, we ask if it has certain attributes (e.g., is it a comedy?)","survey, attribute, movie, film","$0.02","Sun Jun 11 14:35:12 PDT 2017","1","BatchId:2832525;OriginalHitTemplateId:920937332;","300","86400","Wed Jun 14 14:35:12 PDT 2017","","","3L2IS5HSFB0BWC4U25HK24MIPNTUN6","A22IIMLQ7K4B3M","Approved","Sun Jun 11 14:37:24 PDT 2017","Sun Jun 11 14:37:37 PDT 2017","Mon Jun 12 14:37:37 PDT 2017","Mon Jun 12 09:23:01 PDT 2017","","","13","100% (15/15)","100% (15/15)","100% (15/15)","The Godfather: Part II (1974)","Does it have a memorable quote?","Does it have a popular soundtrack?","Does it have a sequel?","Does it have an award winning character?","Yes","Yes","Yes","Yes"
"3K1H3NEY7LHGJYES349YD0DBW45GD3","3H5SGK4YKOGD5FPV07UY2XFV7WLG2A","Categorize movies","For the given movie, we ask if it has certain attributes (e.g., is it a comedy?)","survey, attribute, movie, film","$0.02","Sun Jun 11 14:35:12 PDT 2017","1","BatchId:2832525;OriginalHitTemplateId:920937332;","300","86400","Wed Jun 14 14:35:12 PDT 2017","","","3ZAZR5XV0209R71DJ27E3L7LS1UZCI","AZIDAF8SSJP2A","Approved","Sun Jun 11 14:37:30 PDT 2017","Sun Jun 11 14:42:10 PDT 2017","Mon Jun 12 14:42:10 PDT 2017","Mon Jun 12 09:23:04 PDT 2017","","","280","100% (20/20)","100% (20/20)","100% (20/20)","The Godfather: Part II (1974)","Does it have Mob connections?","Does it have wacky characters?","Does it involve a murder?","Does it involve advanced technology?","No","No","No","No"
"3ZUE82NE0AJYO3M6BCS09NZYKY88FQ","3H5SGK4YKOGD5FPV07UY2XFV7WLG2A","Categorize movies","For the given movie, we ask if it has certain attributes (e.g., is it a comedy?)","survey, attribute, movie, film","$0.02","Sun Jun 11 14:35:12 PDT 2017","1","BatchId:2832525;OriginalHitTemplateId:920937332;","300","86400","Wed Jun 14 14:35:12 PDT 2017","","","3ZSY5X72NYT1Y5CPZQMSCIZ38YUROE","AZIDAF8SSJP2A","Approved","Sun Jun 11 14:36:22 PDT 2017","Sun Jun 11 14:39:49 PDT 2017","Mon Jun 12 14:39:49 PDT 2017","Mon Jun 12 09:23:38 PDT 2017","","","207","100% (20/20)","100% (20/20)","100% (20/20)","The Godfather: Part II (1974)","Does it involve aliens?","Does it involve animals?","Does it involve college students?","Does it involve imprisonment?","No","No","No","No"
"3ZLW647WALDSMC4OB0IXYNXYV8B238","3H5SGK4YKOGD5FPV07UY2XFV7WLG2A","Categorize movies","For the given movie, we ask if it has certain attributes (e.g., is it a comedy?)","survey, attribute, movie, film","$0.02","Sun Jun 11 14:35:12 PDT 2017","1","BatchId:2832525;OriginalHitTemplateId:920937332;","300","86400","Wed Jun 14 14:35:12 PDT 2017","","","3TVSS0C0E2IMJTYJU1IXTRD7ZLQTW5","AFU00NU09CFXE","Approved","Sun Jun 11 14:35:44 PDT 2017","Sun Jun 11 14:36:06 PDT 2017","Mon Jun 12 14:36:06 PDT 2017","Mon Jun 12 09:23:38 PDT 2017","","","22","100% (1/1)","100% (1/1)","100% (1/1)","The Godfather: Part II (1974)","Does it involve magic?","Does it make you think?","Does it remind you of your childhood?","Does it take place in North America?","No","Yes","No","Yes"
"30U1YOGZGAEJ93NJY43F2EWEKFZDSK","3H5SGK4YKOGD5FPV07UY2XFV7WLG2A","Categorize movies","For the given movie, we ask if it has certain attributes (e.g., is it a comedy?)","survey, attribute, movie, film","$0.02","Sun Jun 11 14:35:12 PDT 2017","1","BatchId:2832525;OriginalHitTemplateId:920937332;","300","86400","Wed Jun 14 14:35:12 PDT 2017","","","3U8YCDAGXQYGJN56KQVHHRTGE9CQ0M","A1QQQPI1DJGTNK","Approved","Sun Jun 11 14:37:53 PDT 2017","Sun Jun 11 14:38:05 PDT 2017","Mon Jun 12 14:38:05 PDT 2017","Mon Jun 12 09:22:58 PDT 2017","","","12","100% (11/11)","100% (11/11)","100% (11/11)","The Godfather: Part II (1974)","Does someone die?","Does someone get betrayed?","Does the title have a person's name in it?","Has it won an Oscar?","Yes","Yes","Yes","Yes"
"3ODOP6T3AS2D48NSBENG8SP498724T","3H5SGK4YKOGD5FPV07UY2XFV7WLG2A","Categorize movies","For the given movie, we ask if it has certain attributes (e.g., is it a comedy?)","survey, attribute, movie, film","$0.02","Sun Jun 11 14:35:12 PDT 2017","1","BatchId:2832525;OriginalHitTemplateId:920937332;","300","86400","Wed Jun 14 14:35:12 PDT 2017","","","339ANSOTR6K5FFORBB0QR9H31X1KIJ","AXPOBOA6RMCV0","Approved","Sun Jun 11 14:37:08 PDT 2017","Sun Jun 11 14:37:14 PDT 2017","Mon Jun 12 14:37:14 PDT 2017","Mon Jun 12 09:23:06 PDT 2017","","","6","100% (3/3)","100% (3/3)","100% (3/3)","The Godfather: Part II (1974)","Is it a bloody affair?","Is it a chick flick?","Is it a classic?","Is it a comedy?","Yes","No","Yes","No"
"3UV0D2KX1M1X52Z4Z92NSBJTICC4FF","3H5SGK4YKOGD5FPV07UY2XFV7WLG2A","Categorize movies","For the given movie, we ask if it has certain attributes (e.g., is it a comedy?)","survey, attribute, movie, film","$0.02","Sun Jun 11 14:35:12 PDT 2017","1","BatchId:2832525;OriginalHitTemplateId:920937332;","300","86400","Wed Jun 14 14:35:12 PDT 2017","","","3RANCT1ZVGZ9V3FXZFCBB9MO8YGBUZ","A3H8O4XH8VNL02","Approved","Sun Jun 11 14:44:01 PDT 2017","Sun Jun 11 14:44:14 PDT 2017","Mon Jun 12 14:44:14 PDT 2017","Mon Jun 12 09:23:36 PDT 2017","","","13","100% (5/5)","100% (5/5)","100% (5/5)","The Godfather: Part II (1974)","Is it a costume drama?","Is it a drama?","Is it a good family movie?","Is it a guy flick?","No","Yes","No","Yes"
"3KVQ0UJWPX3HC7PZ33VX1RB7DBX5WJ","3H5SGK4YKOGD5FPV07UY2XFV7WLG2A","Categorize movies","For the given movie, we ask if it has certain attributes (e.g., is it a comedy?)","survey, attribute, movie, film","$0.02","Sun Jun 11 14:35:12 PDT 2017","1","BatchId:2832525;OriginalHitTemplateId:920937332;","300","86400","Wed Jun 14 14:35:12 PDT 2017","","","3GS6S824SRFOOGTZX5WLKS7FA34WN7","AZIDAF8SSJP2A","Approved","Sun Jun 11 14:36:15 PDT 2017","Sun Jun 11 14:37:53 PDT 2017","Mon Jun 12 14:37:53 PDT 2017","Mon Jun 12 09:23:05 PDT 2017","","","98","100% (20/20)","100% (20/20)","100% (20/20)","The Godfather: Part II (1974)","Is it a love story?","Is it a musical?","Is it a story within a story?","Is it a teen movie?","No","No","Yes","No"
"3G57RS03HHNV0RRSPJ6QDKVI94225Y","3H5SGK4YKOGD5FPV07UY2XFV7WLG2A","Categorize movies","For the given movie, we ask if it has certain attributes (e.g., is it a comedy?)","survey, attribute, movie, film","$0.02","Sun Jun 11 14:35:12 PDT 2017","1","BatchId:2832525;OriginalHitTemplateId:920937332;","300","86400","Wed Jun 14 14:35:12 PDT 2017","","","3JNQLM5FT54CO0S778RZJTN1119L2C","A1UP8J0A0AQN3O","Approved","Sun Jun 11 14:38:02 PDT 2017","Sun Jun 11 14:39:11 PDT 2017","Mon Jun 12 14:39:11 PDT 2017","Mon Jun 12 09:23:03 PDT 2017","","","69","100% (1/1)","100% (1/1)","100% (1/1)","The Godfather: Part II (1974)","Is it a western?","Is it about a girl?","Is it about a journey?","Is it about family life?","No","No","Yes","Yes"
"3NZ1E5QA6ZJPO4RO8CZ1EDYM3AFB59","3H5SGK4YKOGD5FPV07UY2XFV7WLG2A","Categorize movies","For the given movie, we ask if it has certain attributes (e.g., is it a comedy?)","survey, attribute, movie, film","$0.02","Sun Jun 11 14:35:12 PDT 2017","1","BatchId:2832525;OriginalHitTemplateId:920937332;","300","86400","Wed Jun 14 14:35:12 PDT 2017","","","3WRFBPLXRB6RXIRBNLLJFVWICA9N3R","A29MXPDE1MLKEG","Approved","Sun Jun 11 14:37:38 PDT 2017","Sun Jun 11 14:37:52 PDT 2017","Mon Jun 12 14:37:52 PDT 2017","Mon Jun 12 09:23:06 PDT 2017","","","14","100% (3/3)","100% (3/3)","100% (3/3)","The Godfather: Part II (1974)","Is it about friends?","Is it about sports?","Is it about starting a new life?","Is it about teenagers?","No","No","No","No"
"3QE4DGPGBRT3J2VZAT85AWJ5JRC4GE","3H5SGK4YKOGD5FPV07UY2XFV7WLG2A","Categorize movies","For the given movie, we ask if it has certain attributes (e.g., is it a comedy?)","survey, attribute, movie, film","$0.02","Sun Jun 11 14:35:12 PDT 2017","1","BatchId:2832525;OriginalHitTemplateId:920937332;","300","86400","Wed Jun 14 14:35:12 PDT 2017","","","3MB8LZR5BGB75GWXWEX3JP9VI1VKLX","A3I9FTHSULHPYS","Approved","Sun Jun 11 14:37:30 PDT 2017","Sun Jun 11 14:37:38 PDT 2017","Mon Jun 12 14:37:38 PDT 2017","Mon Jun 12 09:23:08 PDT 2017","","","8","100% (9/9)","100% (9/9)","100% (9/9)","The Godfather: Part II (1974)","Is it about the future?","Is it about the present?","Is it about the sea?","Is it action-adventure?","No","No","No","No"
"39I4RL8QGJZHJYQAUZQNVWV6YRP4HD","3H5SGK4YKOGD5FPV07UY2XFV7WLG2A","Categorize movies","For the given movie, we ask if it has certain attributes (e.g., is it a comedy?)","survey, attribute, movie, film","$0.02","Sun Jun 11 14:35:12 PDT 2017","1","BatchId:2832525;OriginalHitTemplateId:920937332;","300","86400","Wed Jun 14 14:35:12 PDT 2017","","","3JBT3HLQF9KSLWAHO7TKNL6SRK9PZM","A3I9FTHSULHPYS","Approved","Sun Jun 11 14:37:50 PDT 2017","Sun Jun 11 14:37:58 PDT 2017","Mon Jun 12 14:37:58 PDT 2017","Mon Jun 12 09:23:01 PDT 2017","","","8","100% (9/9)","100% (9/9)","100% (9/9)","The Godfather: Part II (1974)","Is it based on a book?","Is it based on a true story?","Is it based on a video game?","Is it based on historic events?","Yes","No","No","No"
"35JDMRECC4RLB4SSZZKIJIVWWG6GEW","3H5SGK4YKOGD5FPV07UY2XFV7WLG2A","Categorize movies","For the given movie, we ask if it has certain attributes (e.g., is it a comedy?)","survey, attribute, movie, film","$0.02","Sun Jun 11 14:35:12 PDT 2017","1","BatchId:2832525;OriginalHitTemplateId:920937332;","300","86400","Wed Jun 14 14:35:12 PDT 2017","","","33PPO7FECWXX19IHJUE3NWMDHO4ID4","A1QQQPI1DJGTNK","Approved","Sun Jun 11 14:36:34 PDT 2017","Sun Jun 11 14:36:46 PDT 2017","Mon Jun 12 14:36:46 PDT 2017","Mon Jun 12 09:22:59 PDT 2017","","","12","100% (11/11)","100% (11/11)","100% (11/11)","The Godfather: Part II (1974)","Is it comedic?","Is it confusing?","Is it inspirational?","Is it mainly about one character?","No","No","No","Yes"
"3LN50BUKPVT5UNVJJ4X9QMZ864ULPS","3H5SGK4YKOGD5FPV07UY2XFV7WLG2A","Categorize movies","For the given movie, we ask if it has certain attributes (e.g., is it a comedy?)","survey, attribute, movie, film","$0.02","Sun Jun 11 14:35:12 PDT 2017","1","BatchId:2832525;OriginalHitTemplateId:920937332;","300","86400","Wed Jun 14 14:35:12 PDT 2017","","","31N2WW6R9S8F9QEUPX267QN9AJNF3C","A3I9FTHSULHPYS","Approved","Sun Jun 11 14:36:18 PDT 2017","Sun Jun 11 14:36:27 PDT 2017","Mon Jun 12 14:36:27 PDT 2017","Mon Jun 12 09:23:05 PDT 2017","","","9","100% (9/9)","100% (9/9)","100% (9/9)","The Godfather: Part II (1974)","Is it optimistic?","Is it part of a trilogy?","Is it political?","Is it popular with a younger audience?","No","Yes","Yes","Yes"
"3J9UN9O9J3AWBG3ZZY66V6L8U7DJ0H","3H5SGK4YKOGD5FPV07UY2XFV7WLG2A","Categorize movies","For the given movie, we ask if it has certain attributes (e.g., is it a comedy?)","survey, attribute, movie, film","$0.02","Sun Jun 11 14:35:12 PDT 2017","1","BatchId:2832525;OriginalHitTemplateId:920937332;","300","86400","Wed Jun 14 14:35:12 PDT 2017","","","3634BBTX0PCUZTWDA09TBWPYT1KFIC","A8393GC8DDKS8","Approved","Sun Jun 11 14:37:16 PDT 2017","Sun Jun 11 14:37:30 PDT 2017","Mon Jun 12 14:37:30 PDT 2017","Mon Jun 12 09:23:03 PDT 2017","","","14","100% (5/5)","100% (5/5)","100% (5/5)","The Godfather: Part II (1974)","Is it popular with children?","Is it realistic?","Is it really long?","Is it romantic?","No","Yes","Yes","No"
"3VDI8GSXAFB423I1MWYIR8ZALD88GP","3H5SGK4YKOGD5FPV07UY2XFV7WLG2A","Categorize movies","For the given movie, we ask if it has certain attributes (e.g., is it a comedy?)","survey, attribute, movie, film","$0.02","Sun Jun 11 14:35:12 PDT 2017","1","BatchId:2832525;OriginalHitTemplateId:920937332;","300","86400","Wed Jun 14 14:35:12 PDT 2017","","","3TXD01ZLD5ZPA4UOK02O3VGIY6Z4UM","A2CF515SFZOAXU","Approved","Sun Jun 11 14:38:06 PDT 2017","Sun Jun 11 14:38:19 PDT 2017","Mon Jun 12 14:38:19 PDT 2017","Mon Jun 12 09:23:36 PDT 2017","","","13","100% (6/6)","100% (6/6)","100% (6/6)","The Godfather: Part II (1974)","Is it scary?","Is it science fiction?","Is it set during a war?","Is it set in America?","Yes","No","No","Yes"
"38O9DZ0A625RJVR6U2GV5Q9I5ZD26E","3H5SGK4YKOGD5FPV07UY2XFV7WLG2A","Categorize movies","For the given movie, we ask if it has certain attributes (e.g., is it a comedy?)","survey, attribute, movie, film","$0.02","Sun Jun 11 14:35:12 PDT 2017","1","BatchId:2832525;OriginalHitTemplateId:920937332;","300","86400","Wed Jun 14 14:35:12 PDT 2017","","","3FE7TXL1LJ5NFX8KZDZV0FMVB7WQ26","A1CFVGDVMOE7M7","Approved","Sun Jun 11 14:38:01 PDT 2017","Sun Jun 11 14:39:00 PDT 2017","Mon Jun 12 14:39:00 PDT 2017","Mon Jun 12 09:23:01 PDT 2017","","","59","100% (1/1)","100% (1/1)","100% (1/1)","The Godfather: Part II (1974)","Is it set in an exotic place?","Is it set in modern times?","Is it set in the mountains?","Is it set mainly in the outdoors?","No","No","No","Unsure"
"3WPCIUYH1AQKO30YN485CJS0MYDDT9","3H5SGK4YKOGD5FPV07UY2XFV7WLG2A","Categorize movies","For the given movie, we ask if it has certain attributes (e.g., is it a comedy?)","survey, attribute, movie, film","$0.02","Sun Jun 11 14:35:13 PDT 2017","1","BatchId:2832525;OriginalHitTemplateId:920937332;","300","86400","Wed Jun 14 14:35:13 PDT 2017","","","3YMTUJH0DTYAARFZKVCEYZUGFSS4TV","A3I9FTHSULHPYS","Approved","Sun Jun 11 14:38:03 PDT 2017","Sun Jun 11 14:38:11 PDT 2017","Mon Jun 12 14:38:11 PDT 2017","Mon Jun 12 09:23:37 PDT 2017","","","8","100% (9/9)","100% (9/9)","100% (9/9)","The Godfather: Part II (1974)","Is it suspenseful?","Is it violent?","Is it your favorite movie?","Was it a hit?","Yes","Yes","No","Yes"
"3FI30CQHVK1L78R2DV966JCMZ5QB6P","3H5SGK4YKOGD5FPV07UY2XFV7WLG2A","Categorize movies","For the given movie, we ask if it has certain attributes (e.g., is it a comedy?)","survey, attribute, movie, film","$0.02","Sun Jun 11 14:35:13 PDT 2017","1","BatchId:2832525;OriginalHitTemplateId:920937332;","300","86400","Wed Jun 14 14:35:13 PDT 2017","","","3IAS3U3I0GY0BR6VGV255QRWP7W2B7","AZASF7FJZL5DQ","Approved","Sun Jun 11 14:38:06 PDT 2017","Sun Jun 11 14:39:27 PDT 2017","Mon Jun 12 14:39:27 PDT 2017","Mon Jun 12 09:23:02 PDT 2017","","","81","100% (2/2)","100% (2/2)","100% (2/2)","The Godfather: Part II (1974)","Was it filmed in Hollywood?","Was it made after the year 2000?","Was it nominated for an award?","Was it popular in the '70s?","Yes","No","Yes","Yes"
"3IVEC1GSLPHWI5OHVHA69B4IZZJJ1K","3H5SGK4YKOGD5FPV07UY2XFV7WLG2A","Categorize movies","For the given movie, we ask if it has certain attributes (e.g., is it a comedy?)","survey, attribute, movie, film","$0.02","Sun Jun 11 14:35:13 PDT 2017","1","BatchId:2832525;OriginalHitTemplateId:920937332;","300","86400","Wed Jun 14 14:35:13 PDT 2017","","","39LNWE0K4VEJIBT35P4SXWQ13OZUIQ","AXPOBOA6RMCV0","Approved","Sun Jun 11 14:36:45 PDT 2017","Sun Jun 11 14:37:06 PDT 2017","Mon Jun 12 14:37:06 PDT 2017","Mon Jun 12 09:23:03 PDT 2017","","","21","100% (3/3)","100% (3/3)","100% (3/3)","The Godfather: Part II (1974)","Was it popular in the '80s?","Was it popular in the '90s?","Would teenagers love it?","Would your grandmother like it?","Yes","Yes","Unsure","Yes"
"3R0WOCG21MRZOGFNN9YFHFE25CKDU0","3H5SGK4YKOGD5FPV07UY2XFV7WLG2A","Categorize movies","For the given movie, we ask if it has certain attributes (e.g., is it a comedy?)","survey, attribute, movie, film","$0.02","Sun Jun 11 14:35:13 PDT 2017","1","BatchId:2832525;OriginalHitTemplateId:920937332;","300","86400","Wed Jun 14 14:35:13 PDT 2017","","","3BV8HQ2ZZXJJAIK4XJEC0SO2NUCA60","A2CF515SFZOAXU","Approved","Sun Jun 11 14:37:25 PDT 2017","Sun Jun 11 14:37:36 PDT 2017","Mon Jun 12 14:37:36 PDT 2017","Mon Jun 12 09:23:08 PDT 2017","","","11","100% (6/6)","100% (6/6)","100% (6/6)","The Dark Knight (2008)","Are there criminals in it?","Are witches part of the story?","Did it inspire a line of toys?","Did it make you cry?","Yes","No","Yes","No"
"3QD8LUVX4XGW17UPD8RJ3APEMD35XC","3H5SGK4YKOGD5FPV07UY2XFV7WLG2A","Categorize movies","For the given movie, we ask if it has certain attributes (e.g., is it a comedy?)","survey, attribute, movie, film","$0.02","Sun Jun 11 14:35:13 PDT 2017","1","BatchId:2832525;OriginalHitTemplateId:920937332;","300","86400","Wed Jun 14 14:35:13 PDT 2017","","","3K9FOBBF2I18DMH0TRPJBHQZCW0NL5","A1QQQPI1DJGTNK","Approved","Sun Jun 11 14:38:07 PDT 2017","Sun Jun 11 14:38:21 PDT 2017","Mon Jun 12 14:38:21 PDT 2017","Mon Jun 12 09:23:07 PDT 2017","","","14","100% (11/11)","100% (11/11)","100% (11/11)","The Dark Knight (2008)","Did it make you jump?","Did it spawn a catch phrase?","Did it stir up controversy?","Did it win a Best Picture award?","Yes","Yes","Yes","Unsure"
"32K26U12DN6Z1V4NSZ8KD1GLJJTDVP","3H5SGK4YKOGD5FPV07UY2XFV7WLG2A","Categorize movies","For the given movie, we ask if it has certain attributes (e.g., is it a comedy?)","survey, attribute, movie, film","$0.02","Sun Jun 11 14:35:13 PDT 2017","1","BatchId:2832525;OriginalHitTemplateId:920937332;","300","86400","Wed Jun 14 14:35:13 PDT 2017","","","3DI28L7YXBWRT90J7I4H1FNC0YVE12","AZIDAF8SSJP2A","Approved","Sun Jun 11 14:43:43 PDT 2017","Sun Jun 11 14:47:11 PDT 2017","Mon Jun 12 14:47:11 PDT 2017","Mon Jun 12 09:22:59 PDT 2017","","","208","100% (20/20)","100% (20/20)","100% (20/20)","The Dark Knight (2008)","Did you like the ending?","Do you think it's funny?","Does it deal with racism?","Does it explore fringe culture?","Yes","Yes","No","No"
"3EHIMLB7F7HI2ZDC62G0C8BB0DL8HO","3H5SGK4YKOGD5FPV07UY2XFV7WLG2A","Categorize movies","For the given movie, we ask if it has certain attributes (e.g., is it a comedy?)","survey, attribute, movie, film","$0.02","Sun Jun 11 14:35:13 PDT 2017","1","BatchId:2832525;OriginalHitTemplateId:920937332;","300","86400","Wed Jun 14 14:35:13 PDT 2017","","","3EJPLAJKENYKBQSC9BUBHLFBWFK6ZY","A3H8O4XH8VNL02","Approved","Sun Jun 11 14:44:37 PDT 2017","Sun Jun 11 14:44:47 PDT 2017","Mon Jun 12 14:44:47 PDT 2017","Mon Jun 12 09:23:02 PDT 2017","","","10","100% (5/5)","100% (5/5)","100% (5/5)","The Dark Knight (2008)","Does it feature a determined female character?","Does it feature dancing?","Does it feature memorable music?","Does it have a cult following?","No","No","Yes","Yes"
"38VTL6WC4AVL1CKZI4DLMOWNOJX5YI","3H5SGK4YKOGD5FPV07UY2XFV7WLG2A","Categorize movies","For the given movie, we ask if it has certain attributes (e.g., is it a comedy?)","survey, attribute, movie, film","$0.02","Sun Jun 11 14:35:13 PDT 2017","1","BatchId:2832525;OriginalHitTemplateId:920937332;","300","86400","Wed Jun 14 14:35:13 PDT 2017","","","35DR22AR5E2W9C5FPR8SDXNGEOJX3L","A22IIMLQ7K4B3M","Approved","Sun Jun 11 14:37:37 PDT 2017","Sun Jun 11 14:37:53 PDT 2017","Mon Jun 12 14:37:53 PDT 2017","Mon Jun 12 09:23:01 PDT 2017","","","16","100% (15/15)","100% (15/15)","100% (15/15)","The Dark Knight (2008)","Does it have a famous cast?","Does it have a famous director?","Does it have a happy ending?","Does it have a lot of nudity?","Yes","Yes","No","No"
"34F34TZU7WH37Q6DELAKEUENR5XJ21","3H5SGK4YKOGD5FPV07UY2XFV7WLG2A","Categorize movies","For the given movie, we ask if it has certain attributes (e.g., is it a comedy?)","survey, attribute, movie, film","$0.02","Sun Jun 11 14:35:13 PDT 2017","1","BatchId:2832525;OriginalHitTemplateId:920937332;","300","86400","Wed Jun 14 14:35:13 PDT 2017","","","3GA6AFUKOP6ZNM50KNQ6ABZMQY1H3D","A1G82VHHJAC1SC","Approved","Sun Jun 11 14:45:07 PDT 2017","Sun Jun 11 14:45:20 PDT 2017","Mon Jun 12 14:45:20 PDT 2017","Mon Jun 12 09:22:59 PDT 2017","","","13","100% (2/2)","100% (2/2)","100% (2/2)","The Dark Knight (2008)","Does it have a memorable quote?","Does it have a popular soundtrack?","Does it have a sequel?","Does it have an award winning character?","Yes","Yes","Yes","Yes"
"3R15W654VDBQUZWYJHCYQRPIB0GLQJ","3H5SGK4YKOGD5FPV07UY2XFV7WLG2A","Categorize movies","For the given movie, we ask if it has certain attributes (e.g., is it a comedy?)","survey, attribute, movie, film","$0.02","Sun Jun 11 14:35:13 PDT 2017","1","BatchId:2832525;OriginalHitTemplateId:920937332;","300","86400","Wed Jun 14 14:35:13 PDT 2017","","","3OVHNO1VE7JJWZ7RJY2PNRP3D16ZDI","AKSJ3C5O3V9RB","Approved","Sun Jun 11 14:37:16 PDT 2017","Sun Jun 11 14:40:54 PDT 2017","Mon Jun 12 14:40:54 PDT 2017","Mon Jun 12 09:23:08 PDT 2017","","","218","100% (5/5)","100% (5/5)","100% (5/5)","The Dark Knight (2008)","Does it have Mob connections?","Does it have wacky characters?","Does it involve a murder?","Does it involve advanced technology?","Yes","Yes","Yes","Yes"
"3511RHPADVWQ60BYWW1YVHZN7MILRK","3H5SGK4YKOGD5FPV07UY2XFV7WLG2A","Categorize movies","For the given movie, we ask if it has certain attributes (e.g., is it a comedy?)","survey, attribute, movie, film","$0.02","Sun Jun 11 14:35:13 PDT 2017","1","BatchId:2832525;OriginalHitTemplateId:920937332;","300","86400","Wed Jun 14 14:35:13 PDT 2017","","","3ZSANO2JCGPJT7Z9FC37FYVL2ZMSFH","A22IIMLQ7K4B3M","Approved","Sun Jun 11 14:37:53 PDT 2017","Sun Jun 11 14:38:00 PDT 2017","Mon Jun 12 14:38:00 PDT 2017","Mon Jun 12 09:22:59 PDT 2017","","","7","100% (15/15)","100% (15/15)","100% (15/15)","The Dark Knight (2008)","Does it involve aliens?","Does it involve animals?","Does it involve college students?","Does it involve imprisonment?","No","No","No","Yes"
"3RQVKZ7ZRK1ANV5BDCLNB49E0AX27D","3H5SGK4YKOGD5FPV07UY2XFV7WLG2A","Categorize movies","For the given movie, we ask if it has certain attributes (e.g., is it a comedy?)","survey, attribute, movie, film","$0.02","Sun Jun 11 14:35:13 PDT 2017","1","BatchId:2832525;OriginalHitTemplateId:920937332;","300","86400","Wed Jun 14 14:35:13 PDT 2017","","","3I33IC7ZWGKVSH13AH29AF7Q7PAA2J","ADLYO655RWJUI","Approved","Sun Jun 11 14:37:05 PDT 2017","Sun Jun 11 14:37:17 PDT 2017","Mon Jun 12 14:37:17 PDT 2017","Mon Jun 12 09:23:08 PDT 2017","","","12","100% (12/12)","100% (12/12)","100% (12/12)","The Dark Knight (2008)","Does it involve magic?","Does it make you think?","Does it remind you of your childhood?","Does it take place in North America?","Yes","No","No","Yes"
"3YKP7CX6G2X4B857W5EYCXCIUGAB7O","3H5SGK4YKOGD5FPV07UY2XFV7WLG2A","Categorize movies","For the given movie, we ask if it has certain attributes (e.g., is it a comedy?)","survey, attribute, movie, film","$0.02","Sun Jun 11 14:35:13 PDT 2017","1","BatchId:2832525;OriginalHitTemplateId:920937332;","300","86400","Wed Jun 14 14:35:13 PDT 2017","","","3FIJLY1B6VMMGFJHNVZDKTQAFFFFPO","ADLYO655RWJUI","Approved","Sun Jun 11 14:37:47 PDT 2017","Sun Jun 11 14:38:05 PDT 2017","Mon Jun 12 14:38:05 PDT 2017","Mon Jun 12 09:23:38 PDT 2017","","","18","100% (12/12)","100% (12/12)","100% (12/12)","The Dark Knight (2008)","Does someone die?","Does someone get betrayed?","Does the title have a person's name in it?","Has it won an Oscar?","Yes","Yes","No","Yes"
"3NFWQRSHVEWDHISOUA4O10GW8HLGFE","3H5SGK4YKOGD5FPV07UY2XFV7WLG2A","Categorize movies","For the given movie, we ask if it has certain attributes (e.g., is it a comedy?)","survey, attribute, movie, film","$0.02","Sun Jun 11 14:35:13 PDT 2017","1","BatchId:2832525;OriginalHitTemplateId:920937332;","300","86400","Wed Jun 14 14:35:13 PDT 2017","","","3VE8AYVF8NF1ANK01EX2Y7VKQ5FF84","A37AJI03M37NPJ","Approved","Sun Jun 11 14:36:53 PDT 2017","Sun Jun 11 14:37:16 PDT 2017","Mon Jun 12 14:37:16 PDT 2017","Mon Jun 12 09:23:06 PDT 2017","","","23","100% (3/3)","100% (3/3)","100% (3/3)","The Dark Knight (2008)","Is it a bloody affair?","Is it a chick flick?","Is it a classic?","Is it a comedy?","Yes","No","Yes","No"
"3QGTX7BCHPKL62U4EQF40V5PUD15Z9","3H5SGK4YKOGD5FPV07UY2XFV7WLG2A","Categorize movies","For the given movie, we ask if it has certain attributes (e.g., is it a comedy?)","survey, attribute, movie, film","$0.02","Sun Jun 11 14:35:13 PDT 2017","1","BatchId:2832525;OriginalHitTemplateId:920937332;","300","86400","Wed Jun 14 14:35:13 PDT 2017","","","3ZSANO2JCGPJT7Z9FC37FYVL2ZMFS4","A22IIMLQ7K4B3M","Approved","Sun Jun 11 14:38:00 PDT 2017","Sun Jun 11 14:38:12 PDT 2017","Mon Jun 12 14:38:12 PDT 2017","Mon Jun 12 09:23:08 PDT 2017","","","12","100% (15/15)","100% (15/15)","100% (15/15)","The Dark Knight (2008)","Is it a costume drama?","Is it a drama?","Is it a good family movie?","Is it a guy flick?","No","No","No","Yes"
"3JY0Q5X05JOJVIOJ5UA6JLG89WLGGD","3H5SGK4YKOGD5FPV07UY2XFV7WLG2A","Categorize movies","For the given movie, we ask if it has certain attributes (e.g., is it a comedy?)","survey, attribute, movie, film","$0.02","Sun Jun 11 14:35:13 PDT 2017","1","BatchId:2832525;OriginalHitTemplateId:920937332;","300","86400","Wed Jun 14 14:35:13 PDT 2017","","","3H0W84IWBLKFMEZ05CJW765P4WOREA","A2YBB2HWUZ2NN7","Approved","Sun Jun 11 14:35:40 PDT 2017","Sun Jun 11 14:35:53 PDT 2017","Mon Jun 12 14:35:53 PDT 2017","Mon Jun 12 09:23:04 PDT 2017","","","13","100% (1/1)","100% (1/1)","100% (1/1)","The Dark Knight (2008)","Is it a love story?","Is it a musical?","Is it a story within a story?","Is it a teen movie?","No","No","No","No"
"3IHWR4LC7DVIYUOWCKYLCKCQ0Q08IH","3H5SGK4YKOGD5FPV07UY2XFV7WLG2A","Categorize movies","For the given movie, we ask if it has certain attributes (e.g., is it a comedy?)","survey, attribute, movie, film","$0.02","Sun Jun 11 14:35:13 PDT 2017","1","BatchId:2832525;OriginalHitTemplateId:920937332;","300","86400","Wed Jun 14 14:35:13 PDT 2017","","","3ND9UOO81LKY0GQELSG6703Q584WL5","AZIDAF8SSJP2A","Approved","Sun Jun 11 14:36:12 PDT 2017","Sun Jun 11 14:37:07 PDT 2017","Mon Jun 12 14:37:07 PDT 2017","Mon Jun 12 09:23:03 PDT 2017","","","55","100% (20/20)","100% (20/20)","100% (20/20)","The Dark Knight (2008)","Is it a western?","Is it about a girl?","Is it about a journey?","Is it about family life?","No","No","Yes","No"
"35XW21VSVGW27FBBBL13LR4JTO1LS8","3H5SGK4YKOGD5FPV07UY2XFV7WLG2A","Categorize movies","For the given movie, we ask if it has certain attributes (e.g., is it a comedy?)","survey, attribute, movie, film","$0.02","Sun Jun 11 14:35:13 PDT 2017","1","BatchId:2832525;OriginalHitTemplateId:920937332;","300","86400","Wed Jun 14 14:35:13 PDT 2017","","","3TAYZSBPLMQZSDNXRHO0VF1WTVHS2X","A22IIMLQ7K4B3M","Approved","Sun Jun 11 14:36:55 PDT 2017","Sun Jun 11 14:37:07 PDT 2017","Mon Jun 12 14:37:07 PDT 2017","Mon Jun 12 09:23:00 PDT 2017","","","12","100% (15/15)","100% (15/15)","100% (15/15)","The Dark Knight (2008)","Is it about friends?","Is it about sports?","Is it about starting a new life?","Is it about teenagers?","No","No","No","No"
"31S7M7DAGG83MFOQ0L6TVW05V7FLTX","3H5SGK4YKOGD5FPV07UY2XFV7WLG2A","Categorize movies","For the given movie, we ask if it has certain attributes (e.g., is it a comedy?)","survey, attribute, movie, film","$0.02","Sun Jun 11 14:35:13 PDT 2017","1","BatchId:2832525;OriginalHitTemplateId:920937332;","300","86400","Wed Jun 14 14:35:13 PDT 2017","","","3X73LLYYQ2W6RQYA26ALJPXSVFRNHY","AZIDAF8SSJP2A","Approved","Sun Jun 11 14:38:11 PDT 2017","Sun Jun 11 14:42:36 PDT 2017","Mon Jun 12 14:42:36 PDT 2017","Mon Jun 12 09:22:58 PDT 2017","","","265","100% (20/20)","100% (20/20)","100% (20/20)","The Dark Knight (2008)","Is it about the future?","Is it about the present?","Is it about the sea?","Is it action-adventure?","No","No","No","No"
"3IV1AEQ4DRVET582U2JLOLRQD5P8JT","3H5SGK4YKOGD5FPV07UY2XFV7WLG2A","Categorize movies","For the given movie, we ask if it has certain attributes (e.g., is it a comedy?)","survey, attribute, movie, film","$0.02","Sun Jun 11 14:35:13 PDT 2017","1","BatchId:2832525;OriginalHitTemplateId:920937332;","300","86400","Wed Jun 14 14:35:13 PDT 2017","","","3H7Z272LX8P8G7TD962BF6VUCB1PL3","AZIDAF8SSJP2A","Approved","Sun Jun 11 14:36:26 PDT 2017","Sun Jun 11 14:40:23 PDT 2017","Mon Jun 12 14:40:23 PDT 2017","Mon Jun 12 09:23:03 PDT 2017","","","237","100% (20/20)","100% (20/20)","100% (20/20)","The Dark Knight (2008)","Is it based on a book?","Is it based on a true story?","Is it based on a video game?","Is it based on historic events?","Yes","No","No","No"
"306W7JMRYYG8BMAQ6A64QX8D50GB8B","3H5SGK4YKOGD5FPV07UY2XFV7WLG2A","Categorize movies","For the given movie, we ask if it has certain attributes (e.g., is it a comedy?)","survey, attribute, movie, film","$0.02","Sun Jun 11 14:35:13 PDT 2017","1","BatchId:2832525;OriginalHitTemplateId:920937332;","300","86400","Wed Jun 14 14:35:13 PDT 2017","","","3VBEN272MLHP77V4QW9PXJVX3EMSGG","A2T1K94BLNDBAH","Approved","Sun Jun 11 14:38:13 PDT 2017","Sun Jun 11 14:38:23 PDT 2017","Mon Jun 12 14:38:23 PDT 2017","Mon Jun 12 09:22:57 PDT 2017","","","10","100% (7/7)","100% (7/7)","100% (7/7)","The Dark Knight (2008)","Is it comedic?","Is it confusing?","Is it inspirational?","Is it mainly about one character?","No","Yes","No","Yes"
"3DWNFENNE3DDA4L0IZT879BLBJT4JI","3H5SGK4YKOGD5FPV07UY2XFV7WLG2A","Categorize movies","For the given movie, we ask if it has certain attributes (e.g., is it a comedy?)","survey, attribute, movie, film","$0.02","Sun Jun 11 14:35:13 PDT 2017","1","BatchId:2832525;OriginalHitTemplateId:920937332;","300","86400","Wed Jun 14 14:35:13 PDT 2017","","","32SCWG5HIIMQXMQ6M2W9QNDXMGCP6V","A1QQQPI1DJGTNK","Approved","Sun Jun 11 14:35:41 PDT 2017","Sun Jun 11 14:35:55 PDT 2017","Mon Jun 12 14:35:55 PDT 2017","Mon Jun 12 09:23:01 PDT 2017","","","14","100% (11/11)","100% (11/11)","100% (11/11)","The Dark Knight (2008)","Is it optimistic?","Is it part of a trilogy?","Is it political?","Is it popular with a younger audience?","No","Yes","No","Yes"
"3DIIW4IV8PDHFT1U0H88V8WLY444I6","3H5SGK4YKOGD5FPV07UY2XFV7WLG2A","Categorize movies","For the given movie, we ask if it has certain attributes (e.g., is it a comedy?)","survey, attribute, movie, film","$0.02","Sun Jun 11 14:35:13 PDT 2017","1","BatchId:2832525;OriginalHitTemplateId:920937332;","300","86400","Wed Jun 14 14:35:13 PDT 2017","","","3E1QT0TDFQRLKEMQ2M3N148C6X7I8Y","AZIDAF8SSJP2A","Approved","Sun Jun 11 14:36:20 PDT 2017","Sun Jun 11 14:39:30 PDT 2017","Mon Jun 12 14:39:30 PDT 2017","Mon Jun 12 09:23:01 PDT 2017","","","190","100% (20/20)","100% (20/20)","100% (20/20)","The Dark Knight (2008)","Is it popular with children?","Is it realistic?","Is it really long?","Is it romantic?","Yes","No","No","No"
"32204AGAABUXVEJUP0SO4LS9OWYGHC","3H5SGK4YKOGD5FPV07UY2XFV7WLG2A","Categorize movies","For the given movie, we ask if it has certain attributes (e.g., is it a comedy?)","survey, attribute, movie, film","$0.02","Sun Jun 11 14:35:13 PDT 2017","1","BatchId:2832525;OriginalHitTemplateId:920937332;","300","86400","Wed Jun 14 14:35:13 PDT 2017","","","32EYX73OY1RWBAWMVCY1BORSQKIURU","A2T1K94BLNDBAH","Approved","Sun Jun 11 14:38:26 PDT 2017","Sun Jun 11 14:38:37 PDT 2017","Mon Jun 12 14:38:37 PDT 2017","Mon Jun 12 09:22:59 PDT 2017","","","11","100% (7/7)","100% (7/7)","100% (7/7)","The Dark Knight (2008)","Is it scary?","Is it science fiction?","Is it set during a war?","Is it set in America?","No","No","Yes","No"
"3MDWE879UHK8PRT0B2CIQT3OP6YB90","3H5SGK4YKOGD5FPV07UY2XFV7WLG2A","Categorize movies","For the given movie, we ask if it has certain attributes (e.g., is it a comedy?)","survey, attribute, movie, film","$0.02","Sun Jun 11 14:35:13 PDT 2017","1","BatchId:2832525;OriginalHitTemplateId:920937332;","300","86400","Wed Jun 14 14:35:13 PDT 2017","","","3BXQMRHWK0G5EUJUQ42KPPXIKXJMUY","A22IIMLQ7K4B3M","Approved","Sun Jun 11 14:36:17 PDT 2017","Sun Jun 11 14:36:29 PDT 2017","Mon Jun 12 14:36:29 PDT 2017","Mon Jun 12 09:23:05 PDT 2017","","","12","100% (15/15)","100% (15/15)","100% (15/15)","The Dark Knight (2008)","Is it set in an exotic place?","Is it set in modern times?","Is it set in the mountains?","Is it set mainly in the outdoors?","No","Yes","No","No"
"3NI0WFPPI9YKNLOSFFCHM2G381T60Y","3H5SGK4YKOGD5FPV07UY2XFV7WLG2A","Categorize movies","For the given movie, we ask if it has certain attributes (e.g., is it a comedy?)","survey, attribute, movie, film","$0.02","Sun Jun 11 14:35:13 PDT 2017","1","BatchId:2832525;OriginalHitTemplateId:920937332;","300","86400","Wed Jun 14 14:35:13 PDT 2017","","","3FDJT1UU75QT3RTC4RHW20DYWBVK59","A3I9FTHSULHPYS","Approved","Sun Jun 11 14:35:33 PDT 2017","Sun Jun 11 14:35:45 PDT 2017","Mon Jun 12 14:35:45 PDT 2017","Mon Jun 12 09:23:06 PDT 2017","","","12","100% (9/9)","100% (9/9)","100% (9/9)","The Dark Knight (2008)","Is it suspenseful?","Is it violent?","Is it your favorite movie?","Was it a hit?","Yes","Yes","No","Yes"
"3W3RSPVVGS9IMS3F0QW30SM7ELMLUO","3H5SGK4YKOGD5FPV07UY2XFV7WLG2A","Categorize movies","For the given movie, we ask if it has certain attributes (e.g., is it a comedy?)","survey, attribute, movie, film","$0.02","Sun Jun 11 14:35:13 PDT 2017","1","BatchId:2832525;OriginalHitTemplateId:920937332;","300","86400","Wed Jun 14 14:35:13 PDT 2017","","","3PW9OPU9PR2ZYTO3EY9GZEEN3V521O","A2T1K94BLNDBAH","Approved","Sun Jun 11 14:37:53 PDT 2017","Sun Jun 11 14:38:07 PDT 2017","Mon Jun 12 14:38:07 PDT 2017","Mon Jun 12 09:23:37 PDT 2017","","","14","100% (7/7)","100% (7/7)","100% (7/7)","The Dark Knight (2008)","Was it filmed in Hollywood?","Was it made after the year 2000?","Was it nominated for an award?","Was it popular in the '70s?","Yes","Yes","Yes","No"
"3TD33TP5DLKMUA3538QIMOE8VOGBAF","3H5SGK4YKOGD5FPV07UY2XFV7WLG2A","Categorize movies","For the given movie, we ask if it has certain attributes (e.g., is it a comedy?)","survey, attribute, movie, film","$0.02","Sun Jun 11 14:35:13 PDT 2017","1","BatchId:2832525;OriginalHitTemplateId:920937332;","300","86400","Wed Jun 14 14:35:13 PDT 2017","","","3TXMY6UCAF60DF0MW6O1CSVHNY9CQ1","AKSJ3C5O3V9RB","Approved","Sun Jun 11 14:35:33 PDT 2017","Sun Jun 11 14:36:58 PDT 2017","Mon Jun 12 14:36:58 PDT 2017","Mon Jun 12 09:23:09 PDT 2017","","","85","100% (5/5)","100% (5/5)","100% (5/5)","The Dark Knight (2008)","Was it popular in the '80s?","Was it popular in the '90s?","Would teenagers love it?","Would your grandmother like it?","No","No","Yes","No"
"3M4KL7H8KV5KUA9ABYGH07ZDDTZ611","3H5SGK4YKOGD5FPV07UY2XFV7WLG2A","Categorize movies","For the given movie, we ask if it has certain attributes (e.g., is it a comedy?)","survey, attribute, movie, film","$0.02","Sun Jun 11 14:35:13 PDT 2017","1","BatchId:2832525;OriginalHitTemplateId:920937332;","300","86400","Wed Jun 14 14:35:13 PDT 2017","","","320DUZ38G84W84CE320B5I4A7VAGJP","A3H8O4XH8VNL02","Approved","Sun Jun 11 14:43:50 PDT 2017","Sun Jun 11 14:43:59 PDT 2017","Mon Jun 12 14:43:59 PDT 2017","Mon Jun 12 09:23:05 PDT 2017","","","9","100% (5/5)","100% (5/5)","100% (5/5)","12 Angry Men (1957)","Are there criminals in it?","Are witches part of the story?","Did it inspire a line of toys?","Did it make you cry?","Yes","No","No","No"
"3MQKOF1EE26CGK4SI9DGZ3ZZQSVDWZ","3H5SGK4YKOGD5FPV07UY2XFV7WLG2A","Categorize movies","For the given movie, we ask if it has certain attributes (e.g., is it a comedy?)","survey, attribute, movie, film","$0.02","Sun Jun 11 14:35:14 PDT 2017","1","BatchId:2832525;OriginalHitTemplateId:920937332;","300","86400","Wed Jun 14 14:35:14 PDT 2017","","","3R5F3LQFV32A0WYG97G5YL12HFDZOF","A22IIMLQ7K4B3M","Approved","Sun Jun 11 14:38:38 PDT 2017","Sun Jun 11 14:40:36 PDT 2017","Mon Jun 12 14:40:36 PDT 2017","Mon Jun 12 09:23:05 PDT 2017","","","118","100% (15/15)","100% (15/15)","100% (15/15)","12 Angry Men (1957)","Did it make you jump?","Did it spawn a catch phrase?","Did it stir up controversy?","Did it win a Best Picture award?","No","No","Yes","Yes"
"3W0KKJIARRR94PEKCNJXP0R3SUP8KS","3H5SGK4YKOGD5FPV07UY2XFV7WLG2A","Categorize movies","For the given movie, we ask if it has certain attributes (e.g., is it a comedy?)","survey, attribute, movie, film","$0.02","Sun Jun 11 14:35:14 PDT 2017","1","BatchId:2832525;OriginalHitTemplateId:920937332;","300","86400","Wed Jun 14 14:35:14 PDT 2017","","","3PS7W85Z80KB7XLB1Q85F75W1K59TV","AZIDAF8SSJP2A","Approved","Sun Jun 11 14:36:28 PDT 2017","Sun Jun 11 14:40:37 PDT 2017","Mon Jun 12 14:40:37 PDT 2017","Mon Jun 12 09:23:37 PDT 2017","","","249","100% (20/20)","100% (20/20)","100% (20/20)","12 Angry Men (1957)","Did you like the ending?","Do you think it's funny?","Does it deal with racism?","Does it explore fringe culture?","No","No","No","Yes"
"3R16PJFTS398LORI0KTK8OBYQ8T4KH","3H5SGK4YKOGD5FPV07UY2XFV7WLG2A","Categorize movies","For the given movie, we ask if it has certain attributes (e.g., is it a comedy?)","survey, attribute, movie, film","$0.02","Sun Jun 11 14:35:14 PDT 2017","1","BatchId:2832525;OriginalHitTemplateId:920937332;","300","86400","Wed Jun 14 14:35:14 PDT 2017","","","382M9COHEIX726RH96E1CHS9BVSUEH","A8393GC8DDKS8","Approved","Sun Jun 11 14:36:38 PDT 2017","Sun Jun 11 14:37:08 PDT 2017","Mon Jun 12 14:37:08 PDT 2017","Mon Jun 12 09:23:08 PDT 2017","","","30","100% (5/5)","100% (5/5)","100% (5/5)","12 Angry Men (1957)","Does it feature a determined female character?","Does it feature dancing?","Does it feature memorable music?","Does it have a cult following?","Yes","No","Yes","No"
"3TKSOBLOHLYRDK8X9MQEHZYED61BBA","3H5SGK4YKOGD5FPV07UY2XFV7WLG2A","Categorize movies","For the given movie, we ask if it has certain attributes (e.g., is it a comedy?)","survey, attribute, movie, film","$0.02","Sun Jun 11 14:35:14 PDT 2017","1","BatchId:2832525;OriginalHitTemplateId:920937332;","300","86400","Wed Jun 14 14:35:14 PDT 2017","","","3UOUJI6MTEWG86IY4B4T06DGR13UXQ","A8393GC8DDKS8","Approved","Sun Jun 11 14:38:47 PDT 2017","Sun Jun 11 14:39:14 PDT 2017","Mon Jun 12 14:39:14 PDT 2017","Mon Jun 12 09:23:09 PDT 2017","","","27","100% (5/5)","100% (5/5)","100% (5/5)","12 Angry Men (1957)","Does it have a famous cast?","Does it have a famous director?","Does it have a happy ending?","Does it have a lot of nudity?","Yes","No","No","No"
"37NXA7GVSTOIZ7SF5G68WEOQSSVLVD","3H5SGK4YKOGD5FPV07UY2XFV7WLG2A","Categorize movies","For the given movie, we ask if it has certain attributes (e.g., is it a comedy?)","survey, attribute, movie, film","$0.02","Sun Jun 11 14:35:14 PDT 2017","1","BatchId:2832525;OriginalHitTemplateId:920937332;","300","86400","Wed Jun 14 14:35:14 PDT 2017","","","3M81GAB8A11H3A8GI6S618PZ5D9QB8","A2T1K94BLNDBAH","Approved","Sun Jun 11 14:39:05 PDT 2017","Sun Jun 11 14:39:19 PDT 2017","Mon Jun 12 14:39:19 PDT 2017","Mon Jun 12 09:23:00 PDT 2017","","","14","100% (7/7)","100% (7/7)","100% (7/7)","12 Angry Men (1957)","Does it have a memorable quote?","Does it have a popular soundtrack?","Does it have a sequel?","Does it have an award winning character?","Yes","No","No","No"
"3O4VWC1GEWOSS82WILOPX4JFXJXJ3C","3H5SGK4YKOGD5FPV07UY2XFV7WLG2A","Categorize movies","For the given movie, we ask if it has certain attributes (e.g., is it a comedy?)","survey, attribute, movie, film","$0.02","Sun Jun 11 14:35:14 PDT 2017","1","BatchId:2832525;OriginalHitTemplateId:920937332;","300","86400","Wed Jun 14 14:35:14 PDT 2017","","","30LSNF239VDAYZK1M5UMRDV9KXG2IG","A2CF515SFZOAXU","Approved","Sun Jun 11 14:38:48 PDT 2017","Sun Jun 11 14:39:00 PDT 2017","Mon Jun 12 14:39:00 PDT 2017","Mon Jun 12 09:23:06 PDT 2017","","","12","100% (6/6)","100% (6/6)","100% (6/6)","12 Angry Men (1957)","Does it have Mob connections?","Does it have wacky characters?","Does it involve a murder?","Does it involve advanced technology?","Unsure","Unsure","Unsure","Unsure"
"309D674SHZ3ANP03NMM9SJ4WVR1BCH","3H5SGK4YKOGD5FPV07UY2XFV7WLG2A","Categorize movies","For the given movie, we ask if it has certain attributes (e.g., is it a comedy?)","survey, attribute, movie, film","$0.02","Sun Jun 11 14:35:14 PDT 2017","1","BatchId:2832525;OriginalHitTemplateId:920937332;","300","86400","Wed Jun 14 14:35:14 PDT 2017","","","3R08VXYT7DDZLV1CHYFWOVLPAO07W8","AZIDAF8SSJP2A","Approved","Sun Jun 11 14:39:37 PDT 2017","Sun Jun 11 14:43:15 PDT 2017","Mon Jun 12 14:43:15 PDT 2017","Mon Jun 12 09:22:58 PDT 2017","","","218","100% (20/20)","100% (20/20)","100% (20/20)","12 Angry Men (1957)","Does it involve aliens?","Does it involve animals?","Does it involve college students?","Does it involve imprisonment?","No","No","No","Yes"
"3RTFSSG7T8OVEWSKVQB4IG74Z1XLWN","3H5SGK4YKOGD5FPV07UY2XFV7WLG2A","Categorize movies","For the given movie, we ask if it has certain attributes (e.g., is it a comedy?)","survey, attribute, movie, film","$0.02","Sun Jun 11 14:35:14 PDT 2017","1","BatchId:2832525;OriginalHitTemplateId:920937332;","300","86400","Wed Jun 14 14:35:14 PDT 2017","","","3E337GFOLAQSRU3ZI0S3YPLRGFENGZ","ADLYO655RWJUI","Approved","Sun Jun 11 14:38:07 PDT 2017","Sun Jun 11 14:38:24 PDT 2017","Mon Jun 12 14:38:24 PDT 2017","Mon Jun 12 09:23:09 PDT 2017","","","17","100% (12/12)","100% (12/12)","100% (12/12)","12 Angry Men (1957)","Does it involve magic?","Does it make you think?","Does it remind you of your childhood?","Does it take place in North America?","Unsure","Unsure","No","Yes"
"3S829FDFT2JR5K9ISE921MD6ZU1DXS","3H5SGK4YKOGD5FPV07UY2XFV7WLG2A","Categorize movies","For the given movie, we ask if it has certain attributes (e.g., is it a comedy?)","survey, attribute, movie, film","$0.02","Sun Jun 11 14:35:14 PDT 2017","1","BatchId:2832525;OriginalHitTemplateId:920937332;","300","86400","Wed Jun 14 14:35:14 PDT 2017","","","3F6KKYWMNCJPFAT8GARVS4IU3NZNDQ","AO2HNCG8SG26J","Approved","Sun Jun 11 14:50:46 PDT 2017","Sun Jun 11 14:51:05 PDT 2017","Mon Jun 12 14:51:05 PDT 2017","Mon Jun 12 09:23:09 PDT 2017","","","19","100% (1/1)","100% (1/1)","100% (1/1)","12 Angry Men (1957)","Does someone die?","Does someone get betrayed?","Does the title have a person's name in it?","Has it won an Oscar?","Unsure","No","No","Yes"
"362E9TQF2H8XR9UEVIA94XTOO9DGI5","3H5SGK4YKOGD5FPV07UY2XFV7WLG2A","Categorize movies","For the given movie, we ask if it has certain attributes (e.g., is it a comedy?)","survey, attribute, movie, film","$0.02","Sun Jun 11 14:35:14 PDT 2017","1","BatchId:2832525;OriginalHitTemplateId:920937332;","300","86400","Wed Jun 14 14:35:14 PDT 2017","","","3SB4CE2TJWDWTX40Y6N2051MKYBXAH","A1QQQPI1DJGTNK","Approved","Sun Jun 11 14:38:25 PDT 2017","Sun Jun 11 14:38:35 PDT 2017","Mon Jun 12 14:38:35 PDT 2017","Mon Jun 12 09:23:00 PDT 2017","","","10","100% (11/11)","100% (11/11)","100% (11/11)","12 Angry Men (1957)","Is it a bloody affair?","Is it a chick flick?","Is it a classic?","Is it a comedy?","No","No","Yes","No"
"3DWNFENNE3DDA4L0IZT879BLBJTJ4X","3H5SGK4YKOGD5FPV07UY2XFV7WLG2A","Categorize movies","For the given movie, we ask if it has certain attributes (e.g., is it a comedy?)","survey, attribute, movie, film","$0.02","Sun Jun 11 14:35:14 PDT 2017","1","BatchId:2832525;OriginalHitTemplateId:920937332;","300","86400","Wed Jun 14 14:35:14 PDT 2017","","","3RYC5T2D74BJJ5OQEQZ71I4TI3QPRT","A1QQQPI1DJGTNK","Approved","Sun Jun 11 14:37:00 PDT 2017","Sun Jun 11 14:37:17 PDT 2017","Mon Jun 12 14:37:17 PDT 2017","Mon Jun 12 09:23:02 PDT 2017","","","17","100% (11/11)","100% (11/11)","100% (11/11)","12 Angry Men (1957)","Is it a costume drama?","Is it a drama?","Is it a good family movie?","Is it a guy flick?","No","Yes","No","Yes"
"3XBXDSS8881A3WXA5V7QKZLB833LXG","3H5SGK4YKOGD5FPV07UY2XFV7WLG2A","Categorize movies","For the given movie, we ask if it has certain attributes (e.g., is it a comedy?)","survey, attribute, movie, film","$0.02","Sun Jun 11 14:35:14 PDT 2017","1","BatchId:2832525;OriginalHitTemplateId:920937332;","300","86400","Wed Jun 14 14:35:14 PDT 2017","","","3TU5ZICBREJY1CA9FU8WA6ZYX7OQ89","AZIDAF8SSJP2A","Approved","Sun Jun 11 14:38:29 PDT 2017","Sun Jun 11 14:42:48 PDT 2017","Mon Jun 12 14:42:48 PDT 2017","Mon Jun 12 09:23:38 PDT 2017","","","259","100% (20/20)","100% (20/20)","100% (20/20)","12 Angry Men (1957)","Is it a love story?","Is it a musical?","Is it a story within a story?","Is it a teen movie?","No","No","No","No"
"35O6H0UNLSYV6NP0W4CIC1HZBFOJ52","3H5SGK4YKOGD5FPV07UY2XFV7WLG2A","Categorize movies","For the given movie, we ask if it has certain attributes (e.g., is it a comedy?)","survey, attribute, movie, film","$0.02","Sun Jun 11 14:35:14 PDT 2017","1","BatchId:2832525;OriginalHitTemplateId:920937332;","300","86400","Wed Jun 14 14:35:14 PDT 2017","","","3Z2R0DQ0JIWYIUIFQM4V6YXHS492E7","ADLYO655RWJUI","Approved","Sun Jun 11 14:38:25 PDT 2017","Sun Jun 11 14:38:35 PDT 2017","Mon Jun 12 14:38:35 PDT 2017","Mon Jun 12 09:22:59 PDT 2017","","","10","100% (12/12)","100% (12/12)","100% (12/12)","12 Angry Men (1957)","Is it a western?","Is it about a girl?","Is it about a journey?","Is it about family life?","No","No","Unsure","Unsure"
"31JUPBOORNMKOVW2XNVY404IHUU8LV","3H5SGK4YKOGD5FPV07UY2XFV7WLG2A","Categorize movies","For the given movie, we ask if it has certain attributes (e.g., is it a comedy?)","survey, attribute, movie, film","$0.02","Sun Jun 11 14:35:14 PDT 2017","1","BatchId:2832525;OriginalHitTemplateId:920937332;","300","86400","Wed Jun 14 14:35:14 PDT 2017","","","3DBQWDE4Y7GUBXEF149CUSU2Q60N5H","AXPOBOA6RMCV0","Approved","Sun Jun 11 14:37:16 PDT 2017","Sun Jun 11 14:37:26 PDT 2017","Mon Jun 12 14:37:26 PDT 2017","Mon Jun 12 09:22:58 PDT 2017","","","10","100% (3/3)","100% (3/3)","100% (3/3)","12 Angry Men (1957)","Is it about friends?","Is it about sports?","Is it about starting a new life?","Is it about teenagers?","No","No","No","No"
"3WKGUBL7SZ4J5U90LK5LNOODF8Y4LK","3H5SGK4YKOGD5FPV07UY2XFV7WLG2A","Categorize movies","For the given movie, we ask if it has certain attributes (e.g., is it a comedy?)","survey, attribute, movie, film","$0.02","Sun Jun 11 14:35:14 PDT 2017","1","BatchId:2832525;OriginalHitTemplateId:920937332;","300","86400","Wed Jun 14 14:35:14 PDT 2017","","","3R3YRB5GRGL4CTA5T1CFGY2IQGUUAM","A2T1K94BLNDBAH","Approved","Sun Jun 11 14:36:36 PDT 2017","Sun Jun 11 14:37:25 PDT 2017","Mon Jun 12 14:37:25 PDT 2017","Mon Jun 12 09:23:37 PDT 2017","","","49","100% (7/7)","100% (7/7)","100% (7/7)","12 Angry Men (1957)","Is it about the future?","Is it about the present?","Is it about the sea?","Is it action-adventure?","No","Yes","No","Yes"
"3TC2K6WK9GKEN9AUNHDTP459BU3280","3H5SGK4YKOGD5FPV07UY2XFV7WLG2A","Categorize movies","For the given movie, we ask if it has certain attributes (e.g., is it a comedy?)","survey, attribute, movie, film","$0.02","Sun Jun 11 14:35:14 PDT 2017","1","BatchId:2832525;OriginalHitTemplateId:920937332;","300","86400","Wed Jun 14 14:35:14 PDT 2017","","","3JZQSN0I3RSG32QIKC9QQKCIEOSFGK","AKSJ3C5O3V9RB","Approved","Sun Jun 11 14:36:59 PDT 2017","Sun Jun 11 14:38:54 PDT 2017","Mon Jun 12 14:38:54 PDT 2017","Mon Jun 12 09:23:09 PDT 2017","","","115","100% (5/5)","100% (5/5)","100% (5/5)","12 Angry Men (1957)","Is it based on a book?","Is it based on a true story?","Is it based on a video game?","Is it based on historic events?","No","No","No","No"
"3FULMHZ7OUF3BCRLLW60N132FDO4MM","3H5SGK4YKOGD5FPV07UY2XFV7WLG2A","Categorize movies","For the given movie, we ask if it has certain attributes (e.g., is it a comedy?)","survey, attribute, movie, film","$0.02","Sun Jun 11 14:35:14 PDT 2017","1","BatchId:2832525;OriginalHitTemplateId:920937332;","300","86400","Wed Jun 14 14:35:14 PDT 2017","","","3MHW492WW1V5R98UVUCPLBZ1Y4SMVN","AKSJ3C5O3V9RB","Approved","Sun Jun 11 14:37:29 PDT 2017","Sun Jun 11 14:39:58 PDT 2017","Mon Jun 12 14:39:58 PDT 2017","Mon Jun 12 09:23:02 PDT 2017","","","149","100% (5/5)","100% (5/5)","100% (5/5)","12 Angry Men (1957)","Is it comedic?","Is it confusing?","Is it inspirational?","Is it mainly about one character?","No","No","Yes","No"
"3KTZHH2ONIX4UDENXZWD4DJ7HZK8MX","3H5SGK4YKOGD5FPV07UY2XFV7WLG2A","Categorize movies","For the given movie, we ask if it has certain attributes (e.g., is it a comedy?)","survey, attribute, movie, film","$0.02","Sun Jun 11 14:35:14 PDT 2017","1","BatchId:2832525;OriginalHitTemplateId:920937332;","300","86400","Wed Jun 14 14:35:14 PDT 2017","","","3K3R2QNK8CLQ7A001VYFK3RYKYCU97","A1QQQPI1DJGTNK","Approved","Sun Jun 11 14:36:20 PDT 2017","Sun Jun 11 14:36:31 PDT 2017","Mon Jun 12 14:36:31 PDT 2017","Mon Jun 12 09:23:04 PDT 2017","","","11","100% (11/11)","100% (11/11)","100% (11/11)","12 Angry Men (1957)","Is it optimistic?","Is it part of a trilogy?","Is it political?","Is it popular with a younger audience?","Yes","No","Yes","No"
"3KL228NDMV4OX4K2VLVLHD81GD2GKG","3H5SGK4YKOGD5FPV07UY2XFV7WLG2A","Categorize movies","For the given movie, we ask if it has certain attributes (e.g., is it a comedy?)","survey, attribute, movie, film","$0.02","Sun Jun 11 14:35:14 PDT 2017","1","BatchId:2832525;OriginalHitTemplateId:920937332;","300","86400","Wed Jun 14 14:35:14 PDT 2017","","","3P529IW9KZ3WPU4JV3663CHQA5EFLQ","A8393GC8DDKS8","Approved","Sun Jun 11 14:37:54 PDT 2017","Sun Jun 11 14:38:39 PDT 2017","Mon Jun 12 14:38:39 PDT 2017","Mon Jun 12 09:23:04 PDT 2017","","","45","100% (5/5)","100% (5/5)","100% (5/5)","12 Angry Men (1957)","Is it popular with children?","Is it realistic?","Is it really long?","Is it romantic?","No","Yes","No","No"
"36GJS3V78V8TMKEKD0V9GY8O1O2GJH","3H5SGK4YKOGD5FPV07UY2XFV7WLG2A","Categorize movies","For the given movie, we ask if it has certain attributes (e.g., is it a comedy?)","survey, attribute, movie, film","$0.02","Sun Jun 11 14:35:14 PDT 2017","1","BatchId:2832525;OriginalHitTemplateId:920937332;","300","86400","Wed Jun 14 14:35:14 PDT 2017","","","37UQDCYH6YDM6617ROA02T2B3FXV7L","A3P24DLGZPK4WM","Approved","Sun Jun 11 14:39:14 PDT 2017","Sun Jun 11 14:39:40 PDT 2017","Mon Jun 12 14:39:40 PDT 2017","Mon Jun 12 09:23:00 PDT 2017","","","26","100% (1/1)","100% (1/1)","100% (1/1)","12 Angry Men (1957)","Is it scary?","Is it science fiction?","Is it set during a war?","Is it set in America?","No","No","Unsure","Yes"
"38O9DZ0A625RJVR6U2GV5Q9I5ZD62I","3H5SGK4YKOGD5FPV07UY2XFV7WLG2A","Categorize movies","For the given movie, we ask if it has certain attributes (e.g., is it a comedy?)","survey, attribute, movie, film","$0.02","Sun Jun 11 14:35:14 PDT 2017","1","BatchId:2832525;OriginalHitTemplateId:920937332;","300","86400","Wed Jun 14 14:35:14 PDT 2017","","","323Q6SJS8JYU3YLT4IR8BKOJTO5FHJ","A22IIMLQ7K4B3M","Approved","Sun Jun 11 14:37:07 PDT 2017","Sun Jun 11 14:37:13 PDT 2017","Mon Jun 12 14:37:13 PDT 2017","Mon Jun 12 09:23:01 PDT 2017","","","6","100% (15/15)","100% (15/15)","100% (15/15)","12 Angry Men (1957)","Is it set in an exotic place?","Is it set in modern times?","Is it set in the mountains?","Is it set mainly in the outdoors?","No","No","No","No"
"3PUV2Q8SV4MKSH6HNIHKCPMEGRDBDH","3H5SGK4YKOGD5FPV07UY2XFV7WLG2A","Categorize movies","For the given movie, we ask if it has certain attributes (e.g., is it a comedy?)","survey, attribute, movie, film","$0.02","Sun Jun 11 14:35:14 PDT 2017","1","BatchId:2832525;OriginalHitTemplateId:920937332;","300","86400","Wed Jun 14 14:35:14 PDT 2017","","","3X73LLYYQ2W6RQYA26ALJPXSVFRHNS","A3QF21THT0BI9A","Approved","Sun Jun 11 14:35:21 PDT 2017","Sun Jun 11 14:35:33 PDT 2017","Mon Jun 12 14:35:33 PDT 2017","Mon Jun 12 09:23:07 PDT 2017","","","12","100% (1/1)","100% (1/1)","100% (1/1)","12 Angry Men (1957)","Is it suspenseful?","Is it violent?","Is it your favorite movie?","Was it a hit?","Unsure","Unsure","Unsure","Unsure"
"36FFXPMST96LNR0SDJ5W9U1BFIPOH7","3H5SGK4YKOGD5FPV07UY2XFV7WLG2A","Categorize movies","For the given movie, we ask if it has certain attributes (e.g., is it a comedy?)","survey, attribute, movie, film","$0.02","Sun Jun 11 14:35:14 PDT 2017","1","BatchId:2832525;OriginalHitTemplateId:920937332;","300","86400","Wed Jun 14 14:35:14 PDT 2017","","","3K3R2QNK8CLQ7A001VYFK3RYKYC9UM","A22IIMLQ7K4B3M","Approved","Sun Jun 11 14:36:29 PDT 2017","Sun Jun 11 14:36:38 PDT 2017","Mon Jun 12 14:36:38 PDT 2017","Mon Jun 12 09:23:00 PDT 2017","","","9","100% (15/15)","100% (15/15)","100% (15/15)","12 Angry Men (1957)","Was it filmed in Hollywood?","Was it made after the year 2000?","Was it nominated for an award?","Was it popular in the '70s?","Yes","No","Yes","Yes"
"3UYRNV2KITHACVZN90BDHS87MPU8NX","3H5SGK4YKOGD5FPV07UY2XFV7WLG2A","Categorize movies","For the given movie, we ask if it has certain attributes (e.g., is it a comedy?)","survey, attribute, movie, film","$0.02","Sun Jun 11 14:35:14 PDT 2017","1","BatchId:2832525;OriginalHitTemplateId:920937332;","300","86400","Wed Jun 14 14:35:14 PDT 2017","","","340UGXU9DZJO4HD34W3BCLGVBQVUVN","A2T1K94BLNDBAH","Approved","Sun Jun 11 14:38:43 PDT 2017","Sun Jun 11 14:38:55 PDT 2017","Mon Jun 12 14:38:55 PDT 2017","Mon Jun 12 09:23:36 PDT 2017","","","12","100% (7/7)","100% (7/7)","100% (7/7)","12 Angry Men (1957)","Was it popular in the '80s?","Was it popular in the '90s?","Would teenagers love it?","Would your grandmother like it?","No","No","No","Yes"